/*
SQLyog Ultimate v12.04 (64 bit)
MySQL - 10.1.10-MariaDB : Database - face_stud_attendance
*********************************************************************
*/
DROP DATABASE /*!32312 IF EXISTS*/`atk_ble`;

/*!40101 SET NAMES utf8 */;

/*!40101 SET SQL_MODE=''*/;

/*!40014 SET @OLD_UNIQUE_CHECKS=@@UNIQUE_CHECKS, UNIQUE_CHECKS=0 */;
/*!40014 SET @OLD_FOREIGN_KEY_CHECKS=@@FOREIGN_KEY_CHECKS, FOREIGN_KEY_CHECKS=0 */;
/*!40101 SET @OLD_SQL_MODE=@@SQL_MODE, SQL_MODE='NO_AUTO_VALUE_ON_ZERO' */;
/*!40111 SET @OLD_SQL_NOTES=@@SQL_NOTES, SQL_NOTES=0 */;
CREATE DATABASE /*!32312 IF NOT EXISTS*/`atk_ble` /*!40100 DEFAULT CHARACTER SET latin1 */;

USE `atk_ble`;

/*Table structure for table `lecturer` */

DROP TABLE IF EXISTS `lecturer`;

CREATE TABLE `lecturer` (
  `id` varchar(10) NOT NULL,
  `name` varchar(255) COLLATE utf8_unicode_ci NOT NULL,
  `acad` varchar(10) DEFAULT NULL,
  `email` varchar(255) COLLATE utf8_unicode_ci DEFAULT NULL,
  `user_id` int(11) DEFAULT NULL,
  `created_at` timestamp NULL DEFAULT '0000-00-00 00:00:00',
  `updated_at` timestamp NULL DEFAULT CURRENT_TIMESTAMP ON UPDATE CURRENT_TIMESTAMP,
  PRIMARY KEY (`id`),
  UNIQUE KEY `user_id` (`user_id`),
  CONSTRAINT `lecturer_ibfk_1` FOREIGN KEY (`user_id`) REFERENCES `user` (`id`) ON DELETE CASCADE ON UPDATE CASCADE
) ENGINE=InnoDB AUTO_INCREMENT=32 DEFAULT CHARSET=latin1;

/*Data for the table `lecturer` */

insert  into `lecturer` (`id`,`name`, `email`, `acad`, `user_id`) values 
  ("1", "Zhang Qinjie", "zhangqinjie@mail.com", "ECE", 60),
  ("2", "Zhang Qinjie 2", "abab@mail.com", "ECE", 59),
  ("9580", "FOO JONG YONG ABDIEL", "faj2@np.edu.sg", "ECE", 61),
  ("938", "KOH SIEW KHENG", "ksk@np.edu.sg", "ECE", 62),
  ("0012946", "KOH KAR SENG", "kks6@np.edu.sg", "ECE", 63),
  ("4980", "TANG KIM SENG", "tks5@np.edu.sg", "ECE", 64);


INSERT INTO `lecturer` (`acad`,`id`,`name`,`email`) VALUES
  ("ECE", "0013463", "TAN YEOW CHONG", "tyc22@np.edu.sg"),
  ("ECE", "11035", "TAI JIUN PINK", "tjp3@np.edu.sg"),
  ("ECE", "1668", "GWEE CHOON SIONG", "gcs@np.edu.sg"),
  ("ECE", "1734", "LEUNG NANG-BUN", "len@np.edu.sg"),
  ("ECE", "1769", "TAN KEE LONG", "tkl@np.edu.sg"),
  ("ECE", "1887", "GAN-LAM HAR YOONG", "ghy@np.edu.sg"),
  ("ECE", "2036", "NG-LEE HOOI LENG", "nhl@np.edu.sg"),
  ("ECE", "2092", "SOW TONG BEE", "stb@np.edu.sg"),
  ("ECE", "2102", "TAN BOON LEE", "tbl@np.edu.sg"),
  ("ECE", "2156", "AATHAR AH TUK, HENRY", "aat@np.edu.sg"),
  ("ECE", "2222", "CHOO-QUCK SWEE SIANG", "css1@np.edu.sg"),
  ("ECE", "2247", "NAZIR BIN HUSSIN", "nbh@np.edu.sg"),
  ("ECE", "2257", "ER-LAM MIEW WAN", "emw@np.edu.sg"),
  ("ECE", "2279", "LIM KOK YENG", "lky@np.edu.sg"),
  ("ECE", "2286", "HEE JUAY JIUNN", "hjj@np.edu.sg"),
  ("ECE", "3896", "MATTHEW PHILIP S/O PHILIP", "phm@np.edu.sg"),
  ("ECE", "4225", "PENG-TAN BEE KIM", "pbk@np.edu.sg"),
  ("ECE", "495", "TAN CHIN CHYE", "tcc@np.edu.sg"),
  ("ECE", "584", "FOO WAN JUANG", "fwj@np.edu.sg"),
  ("ECE", "7521", "CHIA YONG POO", "cyp2@np.edu.sg"),
  ("ECE", "807", "ANG PENG GUAN", "apg@np.edu.sg"),
  ("ECE", "848", "LOW HONG KAI", "lhk2@np.edu.sg"),
  ("ECE", "887", "TAN JUI KUAN", "tjk@np.edu.sg"),
  ("ECE", "902", "TAN-CHONG MOOI PING", "tmp@np.edu.sg");



/*Table structure for table `lesson` */

DROP TABLE IF EXISTS `lesson`;

CREATE TABLE `lesson` (
  `id` int(10) unsigned NOT NULL AUTO_INCREMENT,
  `semester` varchar(10) DEFAULT NULL,
  `module_id` varchar(10) DEFAULT NULL,
  `subject_area` varchar(10) DEFAULT NULL,
  `catalog_number` varchar(10) DEFAULT NULL,
  `class_section` varchar(5) DEFAULT NULL,
  `component` varchar(5) DEFAULT NULL,
  `facility` varchar(15) DEFAULT NULL,
  `venue_id` int(10) unsigned DEFAULT NULL,
  `weekday` varchar(5) DEFAULT NULL,
  `start_time` varchar(10) DEFAULT NULL,
  `end_time` varchar(10) DEFAULT NULL,
  `meeting_pattern` varchar(5) DEFAULT NULL,
  `created_at` timestamp NULL DEFAULT '0000-00-00 00:00:00',
  `updated_at` timestamp NULL DEFAULT CURRENT_TIMESTAMP ON UPDATE CURRENT_TIMESTAMP,
  PRIMARY KEY (`id`),
  KEY `venue_id` (`venue_id`),
  CONSTRAINT `lesson_ibfk_1` FOREIGN KEY (`venue_id`) REFERENCES `venue` (`id`) ON DELETE SET NULL ON UPDATE CASCADE
) ENGINE=InnoDB AUTO_INCREMENT=32 DEFAULT CHARSET=latin1;

/*Data for the table `lesson` */

insert  into `lesson`(`id`,`semester`,`module_id`,`subject_area`,`catalog_number`,`class_section`,`component`,`facility`,`venue_id`,`weekday`,`start_time`,`end_time`,`meeting_pattern`,`created_at`,`updated_at`) values 
  (1,2,'007685','ELECTRO','1AMPR','L2L','LEC','05-03-0001',1,'MON','10:00','12:00','','0000-00-00 00:00:00','2016-04-26 11:09:19'),
  (2,2,'007685','ELECTRO','1AMPR','P2L1','PRA','46-01-0003',1,'THUR','15:00','17:00','ODD','0000-00-00 00:00:00','2016-04-26 11:09:19'),
  (3,2,'011197','ELECTRO','2CPP2','T2L1','TUT','58-01-0002',1,'WED','10:00','12:00','','0000-00-00 00:00:00','2016-04-26 11:09:19'),
  (4,2,'010152','ELECTRO','1EGPHY','T2L1','TUT','06-03-0006',1,'TUES','15:00','16:00','','0000-00-00 00:00:00','2016-04-26 11:09:19'),
  (5,2,'008045','ELECTRO','1APPG','P2L1','PRA','05-02-0015',1,'FRI','10:00','12:00','','0000-00-00 00:00:00','2016-04-26 11:09:19'),
  (6,2,'008045','ELECTRO','1APPG','P2L1','PRA','08-06-0001',1,'TUES','13:00','15:00','','0000-00-00 00:00:00','2016-04-26 11:09:19'),
  (7,2,'006492','ELECTRO','1DEL','LL12','LEC','06-05-0001',1,'MON','15:00','17:00','','0000-00-00 00:00:00','2016-04-26 11:09:19'),
  (8,2,'006492','ELECTRO','1DEL','LL12','LEC','06-05-0001',1,'THUR','12:00','13:00','','0000-00-00 00:00:00','2016-04-26 11:09:19'),
  (9,2,'006492','ELECTRO','1DEL','P2L1','PRA','06-03-0004',1,'MON','08:00','10:00','EVEN','0000-00-00 00:00:00','2016-04-26 11:09:19'),
  (10,2,'006492','ELECTRO','1DEL','T2L1','TUT','06-06-0006',1,'THUR','10:00','11:00','','0000-00-00 00:00:00','2016-04-26 11:09:19'),
  (11,2,'009885','ELECTRO','1EDPT1','P2L1','PRA','04-05-0001',1,'TUES','09:00','12:00','','0000-00-00 00:00:00','2016-04-26 11:09:19'),
  (12,2,'010152','ELECTRO','1EGPHY','L2L','LEC','04-02-0002',1,'THUR','08:00','10:00','','0000-00-00 00:00:00','2016-04-26 11:09:19'),
  (13,2,'005696','IS MATH','1EM3A','LL12','LEC','04-02-0002',1,'MON','13:00','15:00','','0000-00-00 00:00:00','2016-04-26 11:09:19'),
  (14,2,'005696','IS MATH','1EM3A','LL12','LEC','04-02-0002',1,'FRI','09:00','10:00','','0000-00-00 00:00:00','2016-04-26 11:09:19'),
  (15,2,'005696','IS MATH','1EM3A','T2L1','TUT','04-03-0007',1,'THUR','11:00','12:00','','0000-00-00 00:00:00','2016-04-26 11:09:19'),
  (16,2,'010428','AE','75INT6','PL23','PRA','',3,'WED','17:00','18:00','','0000-00-00 00:00:00','2016-04-26 11:09:19'),
  (17,2,'007777','AE','2FAT','LM12','LEC','08-04-0001',3,'WED','09:00','10:00','','0000-00-00 00:00:00','2016-04-26 11:09:19'),
  (18,2,'007777','AE','2FAT','T1M2','TUT','04-02-0008',3,'TUES','15:00','17:00','','0000-00-00 00:00:00','2016-04-26 11:09:19'),
  (19,2,'006897','ELECTRIC','2ELTECH','L1M2','LEC','04-03-0009',3,'WED','10:00','12:00','','0000-00-00 00:00:00','2016-04-26 11:09:19'),
  (20,2,'006897','ELECTRIC','2ELTECH','P1M2','PRA','06-06-0007',3,'TUES','13:00','15:00','EVEN','0000-00-00 00:00:00','2016-04-26 11:09:19'),
  (21,2,'006897','ELECTRIC','2ELTECH','T1M2','TUT','05-05-0003',3,'FRI','11:00','12:00','','0000-00-00 00:00:00','2016-04-26 11:09:19'),
  (22,2,'009882','ELECTRO','1EMPTS','P1M2','PRA','04-05-0002',3,'FRI','13:00','16:00','','0000-00-00 00:00:00','2016-04-26 11:09:19'),
  (23,2,'011196','ELECTRO','2CPP1','T1M2','TUT','05-03-0009',3,'WED','13:00','15:00','EVEN','0000-00-00 00:00:00','2016-04-26 11:09:19'),
  (24,2,'010449','IS IE','8INNOVA','T05','TUT','72-03-0015',2,'MON','13:00','15:00','','0000-00-00 00:00:00','2016-04-26 11:09:19'),
  (25,2,'005383','IS MATH','3EG2','T1M2','TUT','04-03-0010',2,'THUR','10:00','12:00','','0000-00-00 00:00:00','2016-04-26 11:09:19'),
  (26,2,'005383','IS MATH','3EG2','L1M2','LEC','06-04-0007',2,'THUR','15:00','16:00','','0000-00-00 00:00:00','2016-04-26 11:09:19'),
  (27,2,'005383','IS MATH','3EG2','L1M2','LEC','05-02-0009',2,'TUES','10:00','12:00','','0000-00-00 00:00:00','2016-04-26 11:09:19'),
  (28,2,'009521','IS PDA','7COMISS','T03','TUT','05-04-0009',2,'MON','08:00','12:00','','0000-00-00 00:00:00','2016-04-26 11:09:19'),
  (29,2,'006898','MECHANIC','2ENGMEC','P1M2','PRA','47-06-0005',2,'TUES','13:00','15:00','ODD','0000-00-00 00:00:00','2016-04-26 11:09:19'),
  (30,2,'006898','MECHANIC','2ENGMEC','L1M2','LEC','06-06-0006',2,'THUR','13:00','15:00','','0000-00-00 00:00:00','2016-04-26 11:09:19'),
  (31,2,'006898','MECHANIC','2ENGMEC','T1M2','TUT','04-03-0005',2,'FRI','10:00','11:00','','0000-00-00 00:00:00','2016-04-26 11:09:19'),
  (32,2,'006898','MECHANIC','2ENGMEC','T1M2','TUT','04-03-0005',2,'WED','15:00','17:00','','0000-00-00 00:00:00','2016-04-26 11:09:19'),

  (41,1,'007685','ELECTRO','1AMPR','L2L','LEC','05-03-0001',1,'MON','10:00','12:00','','0000-00-00 00:00:00','2016-04-26 11:09:19'),
  (42,1,'007685','ELECTRO','1AMPR','P2L1','PRA','46-01-0003',1,'THUR','15:00','17:00','ODD','0000-00-00 00:00:00','2016-04-26 11:09:19'),
  (43,1,'011197','ELECTRO','2CPP2','T2L1','TUT','58-01-0002',1,'WED','10:00','12:00','','0000-00-00 00:00:00','2016-04-26 11:09:19'),
  (44,1,'010152','ELECTRO','1EGPHY','T2L1','TUT','06-03-0006',1,'TUES','15:00','16:00','','0000-00-00 00:00:00','2016-04-26 11:09:19'),
  (45,1,'008045','ELECTRO','1APPG','P2L1','PRA','05-02-0015',1,'FRI','10:00','12:00','','0000-00-00 00:00:00','2016-04-26 11:09:19'),
  (46,1,'008045','ELECTRO','1APPG','P2L1','PRA','08-06-0001',1,'TUES','13:00','15:00','','0000-00-00 00:00:00','2016-04-26 11:09:19'),
  (47,1,'006492','ELECTRO','1DEL','LL12','LEC','06-05-0001',1,'MON','15:00','17:00','','0000-00-00 00:00:00','2016-04-26 11:09:19'),
  (48,1,'006492','ELECTRO','1DEL','LL12','LEC','06-05-0001',1,'THUR','12:00','13:00','','0000-00-00 00:00:00','2016-04-26 11:09:19'),
  (49,1,'006492','ELECTRO','1DEL','P2L1','PRA','06-03-0004',1,'MON','08:00','10:00','EVEN','0000-00-00 00:00:00','2016-04-26 11:09:19'),
  (50,1,'006492','ELECTRO','1DEL','T2L1','TUT','06-06-0006',1,'THUR','10:00','11:00','','0000-00-00 00:00:00','2016-04-26 11:09:19'),
  (51,1,'009885','ELECTRO','1EDPT1','P2L1','PRA','04-05-0001',1,'TUES','09:00','12:00','','0000-00-00 00:00:00','2016-04-26 11:09:19'),
  (52,1,'010152','ELECTRO','1EGPHY','L2L','LEC','04-02-0002',1,'THUR','08:00','10:00','','0000-00-00 00:00:00','2016-04-26 11:09:19'),
  (53,1,'005696','IS MATH','1EM3A','LL12','LEC','04-02-0002',1,'MON','13:00','15:00','','0000-00-00 00:00:00','2016-04-26 11:09:19'),
  (54,1,'005696','IS MATH','1EM3A','LL12','LEC','04-02-0002',1,'FRI','09:00','10:00','','0000-00-00 00:00:00','2016-04-26 11:09:19'),
  (55,1,'005696','IS MATH','1EM3A','T2L1','TUT','04-03-0007',1,'THUR','11:00','12:00','','0000-00-00 00:00:00','2016-04-26 11:09:19'),
  (56,1,'010428','AE','  75INT6','PL23','PRA','',3,'WED','17:00','18:00','','0000-00-00 00:00:00','2016-04-26 11:09:19'),
  (57,1,'007777','AE','2FAT','LM12','LEC','08-04-0001',3,'WED','09:00','10:00','','0000-00-00 00:00:00','2016-04-26 11:09:19'),
  (58,1,'007777','AE','2FAT','T1M2','TUT','04-02-0008',3,'TUES','15:00','17:00','','0000-00-00 00:00:00','2016-04-26 11:09:19'),
  (59,1,'006897','ELECTRIC','2ELTECH','L1M2','LEC','04-03-0009',3,'WED','10:00','12:00','','0000-00-00 00:00:00','2016-04-26 11:09:19'),
  (60,1,'006897','ELECTRIC','2ELTECH','P1M2','PRA','06-06-0007',3,'TUES','13:00','15:00','EVEN','0000-00-00 00:00:00','2016-04-26 11:09:19');


insert  into `lesson`(`id`,`semester`,`module_id`,`subject_area`,`catalog_number`,`class_section`,`component`,`facility`,`venue_id`,`weekday`,`start_time`,`end_time`,`meeting_pattern`,`created_at`,`updated_at`) values 
  (61,2,'007685','ELECTRO','1AMPR','L2L','LEC','05-03-0001',1,'MON','10:00','12:00','','0000-00-00 00:00:00','2016-04-26 11:09:19'),
  (62,2,'007685','ELECTRO','1AMPR','P2L1','PRA','46-01-0003',1,'THUR','15:00','17:00','ODD','0000-00-00 00:00:00','2016-04-26 11:09:19'),
  (63,2,'011197','ELECTRO','2CPP2','T2L1','TUT','58-01-0002',1,'WED','10:00','12:00','','0000-00-00 00:00:00','2016-04-26 11:09:19'),
  (64,2,'010152','ELECTRO','1EGPHY','T2L1','TUT','06-03-0006',1,'TUES','15:00','16:00','','0000-00-00 00:00:00','2016-04-26 11:09:19'),
  (65,2,'008045','ELECTRO','1APPG','P2L1','PRA','05-02-0015',1,'FRI','10:00','12:00','','0000-00-00 00:00:00','2016-04-26 11:09:19'),
  (66,2,'008045','ELECTRO','1APPG','P2L1','PRA','08-06-0001',1,'TUES','13:00','15:00','','0000-00-00 00:00:00','2016-04-26 11:09:19'),
  (67,2,'006492','ELECTRO','1DEL','LL12','LEC','06-05-0001',1,'MON','15:00','17:00','','0000-00-00 00:00:00','2016-04-26 11:09:19'),
  (68,2,'006492','ELECTRO','1DEL','LL12','LEC','06-05-0001',1,'THUR','12:00','13:00','','0000-00-00 00:00:00','2016-04-26 11:09:19'),
  (69,2,'006492','ELECTRO','1DEL','P2L1','PRA','06-03-0004',1,'MON','08:00','10:00','EVEN','0000-00-00 00:00:00','2016-04-26 11:09:19'),
  (3110,2,'006492','ELECTRO','1DEL','T2L1','TUT','06-06-0006',1,'THUR','10:00','11:00','','0000-00-00 00:00:00','2016-04-26 11:09:19'),
  (3111,2,'009885','ELECTRO','1EDPT1','P2L1','PRA','04-05-0001',1,'TUES','09:00','12:00','','0000-00-00 00:00:00','2016-04-26 11:09:19'),
  (3112,2,'010152','ELECTRO','1EGPHY','L2L','LEC','04-02-0002',1,'THUR','08:00','10:00','','0000-00-00 00:00:00','2016-04-26 11:09:19'),
  (3113,2,'005696','IS MATH','1EM3A','LL12','LEC','04-02-0002',1,'MON','13:00','15:00','','0000-00-00 00:00:00','2016-04-26 11:09:19'),
  (3114,2,'005696','IS MATH','1EM3A','LL12','LEC','04-02-0002',1,'FRI','09:00','10:00','','0000-00-00 00:00:00','2016-04-26 11:09:19'),
  (3115,2,'005696','IS MATH','1EM3A','T2L1','TUT','04-03-0007',1,'THUR','11:00','12:00','','0000-00-00 00:00:00','2016-04-26 11:09:19'),
  (3116,2,'010428','AE','75INT6','PL23','PRA','',3,'WED','17:00','18:00','','0000-00-00 00:00:00','2016-04-26 11:09:19'),
  (3117,2,'007777','AE','2FAT','LM12','LEC','08-04-0001',3,'WED','09:00','10:00','','0000-00-00 00:00:00','2016-04-26 11:09:19'),
  (3118,2,'007777','AE','2FAT','T1M2','TUT','04-02-0008',3,'TUES','15:00','17:00','','0000-00-00 00:00:00','2016-04-26 11:09:19'),
  (3119,2,'006897','ELECTRIC','2ELTECH','L1M2','LEC','04-03-0009',3,'WED','10:00','12:00','','0000-00-00 00:00:00','2016-04-26 11:09:19'),
  (3120,2,'006897','ELECTRIC','2ELTECH','P1M2','PRA','06-06-0007',3,'TUES','13:00','15:00','EVEN','0000-00-00 00:00:00','2016-04-26 11:09:19'),
  (3121,2,'006897','ELECTRIC','2ELTECH','T1M2','TUT','05-05-0003',3,'FRI','11:00','12:00','','0000-00-00 00:00:00','2016-04-26 11:09:19'),
  (3122,2,'009882','ELECTRO','1EMPTS','P1M2','PRA','04-05-0002',3,'FRI','13:00','16:00','','0000-00-00 00:00:00','2016-04-26 11:09:19'),
  (3123,2,'011196','ELECTRO','2CPP1','T1M2','TUT','05-03-0009',3,'WED','13:00','15:00','EVEN','0000-00-00 00:00:00','2016-04-26 11:09:19'),
  (3124,2,'010449','IS IE','8INNOVA','T05','TUT','72-03-0015',2,'MON','13:00','15:00','','0000-00-00 00:00:00','2016-04-26 11:09:19'),
  (3125,2,'005383','IS MATH','3EG2','T1M2','TUT','04-03-0010',2,'THUR','10:00','12:00','','0000-00-00 00:00:00','2016-04-26 11:09:19'),
  (3126,2,'005383','IS MATH','3EG2','L1M2','LEC','06-04-0007',2,'THUR','15:00','16:00','','0000-00-00 00:00:00','2016-04-26 11:09:19'),
  (3127,2,'005383','IS MATH','3EG2','L1M2','LEC','05-02-0009',2,'TUES','10:00','12:00','','0000-00-00 00:00:00','2016-04-26 11:09:19'),
  (3128,2,'009521','IS PDA','7COMISS','T03','TUT','05-04-0009',2,'MON','08:00','12:00','','0000-00-00 00:00:00','2016-04-26 11:09:19'),
  (3129,2,'006898','MECHANIC','2ENGMEC','P1M2','PRA','47-06-0005',2,'TUES','13:00','15:00','ODD','0000-00-00 00:00:00','2016-04-26 11:09:19'),
  (3130,2,'006898','MECHANIC','2ENGMEC','L1M2','LEC','06-06-0006',2,'THUR','13:00','15:00','','0000-00-00 00:00:00','2016-04-26 11:09:19'),
  (3131,2,'006898','MECHANIC','2ENGMEC','T1M2','TUT','04-03-0005',2,'FRI','10:00','11:00','','0000-00-00 00:00:00','2016-04-26 11:09:19');



INSERT INTO `lesson` (`id`,`semester`,`venue_id`,`module_id`,`subject_area`,`catalog_number`,`class_section`,`component`,`facility`,`weekday`,`start_time`,`end_time`,`meeting_pattern`) VALUES
  ("100", "2", "14", "009882", "ELECTRO", "1EMPTS", "P1G3", "PRA", "04-05-0001", "WED", "14:00", "17:00", ""),
  ("101", "2", "14", "009882", "ELECTRO", "1EMPTS", "P1L3", "PRA", "04-05-0001", "THUR", "09:00", "12:00", ""),
  ("102", "2", "14", "009882", "ELECTRO", "1EMPTS", "P1P1", "PRA", "04-05-0003", "WED", "09:00", "12:00", ""),
  ("103", "2", "14", "009885", "ELECTRO", "1EDPT1", "P1A1", "PRA", "04-05-0003", "TUES", "09:00", "12:00", ""),
  ("104", "2", "17", "009885", "ELECTRO", "1EDPT1", "P1A2", "PRA", "04-05-0003", "WED", "13:00", "16:00", ""),
  ("105", "2", "15", "009885", "ELECTRO", "1EDPT1", "P1A3", "PRA", "04-05-0004", "TUES", "09:00", "12:00", ""),
  ("106", "2", "16", "009885", "ELECTRO", "1EDPT1", "P1A4", "PRA", "04-05-0004", "WED", "13:00", "16:00", ""),
  ("107", "2", "13", "009885", "ELECTRO", "1EDPT1", "P1B1", "PRA", "04-05-0004", "TUES", "13:00", "16:00", ""),
  ("108", "2", "11", "009885", "ELECTRO", "1EDPT1", "P1B2", "PRA", "04-05-0003", "TUES", "13:00", "16:00", ""),
  ("109", "2", "18", "009885", "ELECTRO", "1EDPT1", "P1B3", "PRA", "04-05-0002", "THUR", "13:00", "16:00", ""),
  ("110", "2", "13", "009885", "ELECTRO", "1EDPT1", "P1B4", "PRA", "04-05-0003", "THUR", "13:00", "16:00", ""),
  ("111", "2", "15", "009885", "ELECTRO", "1EDPT1", "P1B5", "PRA", "04-05-0004", "FRI", "09:00", "12:00", ""),
  ("112", "2", "14", "009885", "ELECTRO", "1EDPT1", "P1B6", "PRA", "04-05-0003", "THUR", "09:00", "12:00", ""),
  ("113", "2", "12", "009886", "ELECTRO", "1EDPT2", "P2G1", "PRA", "04-04-0003", "MON", "13:00", "17:00", ""),
  ("114", "2", "13", "009886", "ELECTRO", "1EDPT2", "P2G2", "PRA", "04-04-0001", "MON", "13:00", "17:00", ""),
  ("115", "2", "18", "009886", "ELECTRO", "1EDPT2", "P2H1", "PRA", "04-04-0001", "THUR", "08:00", "12:00", ""),
  ("116", "2", "16", "009886", "ELECTRO", "1EDPT2", "P2H2", "PRA", "04-04-0003", "MON", "08:00", "12:00", ""),
  ("117", "2", "11", "009886", "ELECTRO", "1EDPT2", "P2H3", "PRA", "04-04-0001", "MON", "08:00", "12:00", ""),
  ("118", "2", "11", "009886", "ELECTRO", "1EDPT2", "P2L1", "PRA", "04-04-0002", "FRI", "08:00", "12:00", ""),
  ("119", "2", "16", "009886", "ELECTRO", "1EDPT2", "P2L2", "PRA", "04-04-0004", "MON", "08:00", "12:00", ""),
  ("120", "2", "15", "009886", "ELECTRO", "1EDPT2", "P2M1", "PRA", "04-04-0004", "TUES", "08:00", "12:00", ""),
  ("121", "2", "12", "009886", "ELECTRO", "1EDPT2", "P2M2", "PRA", "04-04-0003", "THUR", "08:00", "12:00", ""),
  ("122", "2", "11", "009886", "ELECTRO", "1EDPT2", "P2M3", "PRA", "04-04-0004", "THUR", "08:00", "12:00", ""),
  ("123", "2", "17", "009886", "ELECTRO", "1EDPT2", "P2Q1", "PRA", "04-04-0008", "MON", "13:00", "17:00", ""),
  ("124", "2", "13", "009886", "ELECTRO", "1EDPT2", "P2Q2", "PRA", "04-04-0008", "TUES", "08:00", "12:00", ""),
  ("125", "2", "15", "009887", "ELECTRO", "1EDPTM", "P2A1", "PRA", "04-04-0008", "MON", "08:00", "12:00", ""),
  ("126", "2", "15", "009887", "ELECTRO", "1EDPTM", "P2J1", "PRA", "04-04-0002", "MON", "08:00", "12:00", ""),
  ("127", "2", "14", "009887", "ELECTRO", "1EDPTM", "P2J2", "PRA", "04-04-0002", "MON", "13:00", "17:00", ""),
  ("128", "2", "14", "009887", "ELECTRO", "1EDPTM", "P2J3", "PRA", "04-04-0002", "TUES", "08:00", "12:00", ""),
  ("129", "2", "17", "009887", "ELECTRO", "1EDPTM", "P2N1", "PRA", "04-04-0002", "THUR", "08:00", "12:00", ""),
  ("130", "2", "11", "009887", "ELECTRO", "1EDPTM", "P2R1", "PRA", "04-04-0002", "TUES", "13:00", "17:00", ""),
  ("131", "2", "13", "009887", "ELECTRO", "1EDPTM", "P2R2", "PRA", "04-04-0004", "MON", "13:00", "17:00", ""),
  ("132", "2", "16", "009887", "ELECTRO", "1EDPTM", "P2R3", "PRA", "04-04-0008", "THUR", "08:00", "12:00", ""),
  ("133", "2", "17", "009887", "ELECTRO", "1EDPTM", "P2U1", "PRA", "04-04-0003", "TUES", "08:00", "12:00", ""),
  ("134", "2", "12", "009887", "ELECTRO", "1EDPTM", "P2U2", "PRA", "04-04-0001", "TUES", "08:00", "12:00", "");



/*Table structure for table `user` */

DROP TABLE IF EXISTS `user`;

CREATE TABLE `user` (
  `id` int(11) NOT NULL AUTO_INCREMENT,
  `person_id` varchar(255) DEFAULT '',
  `face_id` varchar(1000) DEFAULT '',
  `username` varchar(255) COLLATE utf8_unicode_ci NOT NULL,
  `auth_key` varchar(32) COLLATE utf8_unicode_ci NOT NULL,
  `device_hash` varchar(255) COLLATE utf8_unicode_ci DEFAULT NULL,
  `password_hash` varchar(255) COLLATE utf8_unicode_ci NOT NULL,
  `email` varchar(255) COLLATE utf8_unicode_ci NOT NULL,
  `profileImg` varchar(255) COLLATE utf8_unicode_ci DEFAULT NULL,
  `status` smallint(6) NOT NULL DEFAULT '10',
  `role` smallint(6) NOT NULL DEFAULT '10',
  `name` varchar(255) COLLATE utf8_unicode_ci DEFAULT NULL,
  `created_at` int(11) unsigned DEFAULT NULL,
  `updated_at` int(11) unsigned DEFAULT NULL,
  PRIMARY KEY (`id`),
  UNIQUE KEY `email` (`email`),
  UNIQUE KEY `username` (`username`),
  UNIQUE KEY `device_hash` (`device_hash`)
) ENGINE=InnoDB AUTO_INCREMENT=53 DEFAULT CHARSET=utf8 COLLATE=utf8_unicode_ci;

/*Data for the table `user` */

insert  into `user`(`id`,`username`,`auth_key`,`password_hash`,`email`,`status`,`created_at`,`updated_at`,`name`,`role`, `device_hash`) values 
  (53,'tungpm','ZdHvM_ryoZgGJiNsQhh2y95vllLXVseA','$2y$13$3p4KSrmepU5A8mduqEtz3eicSvfEskzLnnUsIukJayp3e7jDStnaa','tung@mail.com',10,1461214049,1461926225,'student',20,'f8:32:e4:5f:77:4f'),
  (55,'namth','llF-xngHw2GG03B6VBFmRsz0Og962A7H','$2y$13$qY9oJdIfhhOYQAgtmlzK4uTuoEnE4IKMVqxKkSkmjdhwqKXStV.le','namthse03439@fpt.edu.vn',10,1461214049,1461926225,'student',20,'74:51:ba:3f:8b:22'),
  (57,'canhnht','ZdHvM_ryoZgGJiNsQhh2y95vllLXVseA','$2y$13$3p4KSrmepU5A8mduqEtz3eicSvfEskzLnnUsIukJayp3e7jDStnaa','canh@mail.com',10,1461214049,1461926225,'student',20,'f8:32:e4:5f:6f:35'),
  (50,'charity','ZdHvM_ryoZgGJiNsQhh2y95vllLXVseA','$2y$13$3p4KSrmepU5A8mduqEtz3eicSvfEskzLnnUsIukJayp3e7jDStnaa','charity@mail.com',10,1461214049,1461926225,'student',20,'f8:32:e4:5f:73:f5'),
  (51,'penghui','ZdHvM_ryoZgGJiNsQhh2y95vllLXVseA','$2y$13$3p4KSrmepU5A8mduqEtz3eicSvfEskzLnnUsIukJayp3e7jDStnaa','penghui@mail.com',10,1461214049,1461926225,'student',20,'38:2c:4a:3d:5f:ae'),

  (60,'zhangqinjie','ZdHvM_ryoZgGJiNsQhh2y95vllLXVseA','$2y$13$3p4KSrmepU5A8mduqEtz3eicSvfEskzLnnUsIukJayp3e7jDStnaa','zhangqinjie@mail.com',10,1461214049,1461926225,'lecturer',30,NULL),
  (61,'foojong','RAaaN283P34mOk4l-ZOggzjVK54RAwcY','$2y$13$3p4KSrmepU5A8mduqEtz3eicSvfEskzLnnUsIukJayp3e7jDStnaa','faj2@np.edu.sg',10,1461214049,1461926225,'lecturer',30,NULL),
  (62,'kohkheng','RAaaN283P34mOk4l-ZOggzjVK54RAwcY','$2y$13$3p4KSrmepU5A8mduqEtz3eicSvfEskzLnnUsIukJayp3e7jDStnaa','ksk@np.edu.sg',10,1461214049,1461926225,'lecturer',30,NULL),
  (63,'kohseng','RAaaN283P34mOk4l-ZOggzjVK54RAwcY','$2y$13$3p4KSrmepU5A8mduqEtz3eicSvfEskzLnnUsIukJayp3e7jDStnaa','kks6@np.edu.sg',10,1461214049,1461926225,'lecturer',30,NULL),
  (64,'tangseng','RAaaN283P34mOk4l-ZOggzjVK54RAwcY','$2y$13$3p4KSrmepU5A8mduqEtz3eicSvfEskzLnnUsIukJayp3e7jDStnaa','tks5@np.edu.sg',10,1461214049,1461926225,'lecturer',30,NULL),

  (2,'2222','ZdHvM_ryoZgGJiNsQhh2y95vllLXVseA','$2y$13$3p4KSrmepU5A8mduqEtz3eicSvfEskzLnnUsIukJayp3e7jDStnaa','22222222@connect.np.edu.sg',10,1461214049,1461926225,'student',20,NULL),
  (5,'5555','ev0ddY438lQUVzIBT4Cz6FfonldlZGwn','$2y$13$pm7wYtxExchdumcLXrb6DOTP0KeQSUda3hylys/JQ6t0aqjYtUbpq','33333333@connect.np.edu.sg',10,1461214049,1461926225,'student',20,NULL),
  (4,'4444','llF-xngHw2GG03B6VBFmRsz0Og962A7H','$2y$13$qY9oJdIfhhOYQAgtmlzK4uTuoEnE4IKMVqxKkSkmjdhwqKXStV.le','44444444@connect.np.edu.sg',10,1461214049,1461926225,'student',20,NULL),
  /* ios test */
  (58,'npnp','ZdHvM_ryoZgGJiNsQhh2y95vllLXVseA','$2y$13$3p4KSrmepU5A8mduqEtz3eicSvfEskzLnnUsIukJayp3e7jDStnaa','npnp@mail.com',10,1461214049,1461926225,'student',20,NULL),
  (59,'abab','ZdHvM_ryoZgGJiNsQhh2y95vllLXVseA','$2y$13$3p4KSrmepU5A8mduqEtz3eicSvfEskzLnnUsIukJayp3e7jDStnaa','abab@mail.com',10,1461214049,1461926225,'lecturer',30,NULL);

update `user` set
  `person_id` = '2bab14e81845032bd184f2f08e181300',
  `face_id` = '["0d3df55d5f5bbfab9d80b7457ecc461d"]'
  where `id` = 57;
/*Table structure for table `student` */

DROP TABLE IF EXISTS `student`;

CREATE TABLE `student` (
  `id` varchar(10) NOT NULL,
  `name` varchar(255) COLLATE utf8_unicode_ci NOT NULL,
  `gender` char(1) DEFAULT NULL,
  `acad` varchar(10) DEFAULT NULL,
  `uuid` varchar(40) DEFAULT NULL,
  `user_id` int(11) DEFAULT NULL,
  `created_at` timestamp NULL DEFAULT '0000-00-00 00:00:00',
  `updated_at` timestamp NULL DEFAULT CURRENT_TIMESTAMP ON UPDATE CURRENT_TIMESTAMP,
  PRIMARY KEY (`id`),
  UNIQUE KEY `user_id` (`user_id`),
  CONSTRAINT `student_ibfk_1` FOREIGN KEY (`user_id`) REFERENCES `user` (`id`) ON DELETE CASCADE ON UPDATE CASCADE
) ENGINE=InnoDB AUTO_INCREMENT=4 DEFAULT CHARSET=latin1;

/*Data for the table `student` */

insert  into `student`(`acad`,`id`,`gender`,`name`,`uuid`,`user_id`,`created_at`,`updated_at`) values 
  ('AE','1',NULL,'ADRIAN YOO',NULL,53,'0000-00-00 00:00:00','2016-04-26 10:49:37'),
  ('AE','2',NULL,'MICHAEL YOO',NULL,57,'0000-00-00 00:00:00','2016-04-26 10:49:37'),
  ('AE','3',NULL,'YOO YOO',NULL,58,'0000-00-00 00:00:00','2016-04-26 10:49:37'),
  ('AE','4',NULL,'LEE YOO',NULL,55,'0000-00-00 00:00:00','2016-04-26 10:49:37'),
  ("AE", "10156135E",NULL, "TAN GUAN SENG",NULL,50,'0000-00-00 00:00:00','2016-04-26 10:49:37'),
  ("ECE", "10159710G",NULL, "PENG YONG HUI",NULL,51,'0000-00-00 00:00:00','2016-04-26 10:49:37'),

  ('AE','22222222B',NULL,'AIK YU CHE',NULL,2,'0000-00-00 00:00:00','2016-04-26 10:49:37'),
  ('AE','33333333B',NULL,'AKAASH SIN',NULL,5,'0000-00-00 00:00:00','2016-04-26 10:49:37'),
  ('AE','44444444B',NULL,'ANTHONY CHEN',NULL,4,'0000-00-00 00:00:00','2016-04-26 10:49:37'),
  ('AE','55555555B',NULL,'MICHAEL CHEN',NULL,NULL,'0000-00-00 00:00:00','2016-04-26 10:49:37');


INSERT INTO `student` (`acad`,`id`,`name`) VALUES
  ("ECE", "10116701H", "TAN JUN RONG"),
  ("ECE", "10118126A", "S JONATHAN BRIGHT"),
  ("ECE", "10126752J", "VERCIS FOO MAO YONG"),
  ("ECE", "10135247D", "KER WAN ZHEN"),
  ("AE", "10136194K", "SHE SHAO FAN"),
  ("ECE", "10136844B", "LI EE LOK"),
  ("ECE", "10137519D", "MAK SIN TING"),
  ("ECE", "10141827E", "WEE QI TING"),
  ("ECE", "10141864K", "THAI WEI CHENG"),
  ("BME", "10141945D", "VICTORIA WOO YU TING"),
  ("ECE", "10143315G", "LIU HUANLI"),
  ("AE", "10148651A", "AKINA NG SWEE LING"),
  ("ECE", "10148844G", "MOHAMAD ADAM B MOHAMAD YAZID"),
  ("BME", "10148945G", "CHARLENE TAN LING YI"),
  ("BME", "10149355C", "MUHAMMAD ZAHIRUL B IBRAHIM"),
  ("BME", "10150256G", "NURIN SYAZWANY BTE MOHAMED A"),
  ("ECE", "10150865G", "CHOONG WENG XIAN"),
  ("ECE", "10150927D", "WONG WEI KANG"),
  ("ECE", "10150932B", "THAM HAO WEN, GARY"),
  ("ECE", "10151057C", "DARYL TAN CHER WENG"),
  ("ECE", "10151309J", "ERIN CHEE HWEE KAH"),
  ("ECE", "10151546F", "NIGEL TAN YONG"),
  ("AE", "10151583A", "THIA HUAI DE"),
  ("ECE", "10151623D", "CHUA YI JING"),
  ("ECE", "10151818H", "PRINCE MOHAMMED JABIR B T S"),
  ("AE", "10151870D", "KEVIN TEO KAI WEI"),
  ("BME", "10151886A", "YAP SHU FEN"),
  ("ECE", "10152135J", "NG AIK SIONG"),
  ("ECE", "10152212G", "RIZKI AZMAN SYAHPUTRA"),
  ("ECE", "10155399B", "URRIQUIA AMIEL RABIE"),
  ("ECE", "10155986H", "ISABELLA YADI NAY MYO"),
  ("ECE", "10156659B", "WONG YI'EN"),
  ("ECE", "10160096D", "AW SENG HUAT, EDMUND"),
  ("ECE", "10160154E", "HAN BO YAN"),
  ("ECE", "10160170E", "HO FENG SZUK"),
  ("ECE", "10160191K", "TOON CHIN SHEN ESMOND"),
  ("BME", "10160198C", "KHONG SOEN LING"),
  ("ECE", "10160206J", "MUHAMMAD SYAFIQ B SHARIFFUDIN"),
  ("AE", "10160210H", "YEO KUN YU DON"),
  ("ECE", "10160216B", "LEE WEI JIE"),
  ("ECE", "10160217A", "KARANVEER SINGH SIDHU"),
  ("BME", "10160221K", "TAN SHI YING"),
  ("AE", "10160230D", "LEONG JIA JIE"),
  ("AE", "10160238F", "LIANG XHIN"),
  ("AE", "10160257C", "JONATHAN YUEN ZHI WEI"),
  ("AE", "10160269D", "LAI XIU WEI,EDMUND"),
  ("ECE", "10160273C", "KONG FAN HUI BELINDA"),
  ("ECE", "10160280J", "ONG ZHI HAO"),
  ("AE", "10160287B", "HEATHER CHEW MEI FANG"),
  ("ECE", "10160296F", "CHOY JI EN"),
  ("BME", "10160308H", "YEO MING HAN, JOEL"),
  ("AE", "10160311H", "NICHOLAS LEE JUN"),
  ("ECE", "10160313F", "ROSYAHIRAH BTE ABDUL RAHMAN"),
  ("AE", "10160318A", "LIEW JIAN AN, IVAN"),
  ("BME", "10160334A", "LEE WEI MING"),
  ("BME", "10160337H", "HENG CHIN HERN"),
  ("ECE", "10160343E", "JAMES BENJAMIN CLUNIES ROSS"),
  ("AE", "10160433C", "ZHANG LIWEN"),
  ("ECE", "10160457E", "KOH YUE ZHONG"),
  ("ECE", "10160501G", "MUHAMMAD BADRY MUHAIMIN B B"),
  ("ECE", "10161272C", "YONG JUN XIAN"),
  ("ECE", "10161811B", "WONG XUAN PING, MIRANDA"),
  ("ECE", "10161897K", "BRENDON SIM YUNYI"),
  ("ECE", "10162166D", "YIP-AU HEW KIT, SHAWN"),
  ("ECE", "10162597F", "LIM WEI HENG"),
  ("ECE", "10162607K", "ONG RONG YUAN"),
  ("ECE", "10162610K", "JERYLIN LIAW PING"),
  ("AE", "10162732E", "M DARYLL SATHIESH"),
  ("ECE", "10163279D", "ONG SNG PENG TIMOTHY"),
  ("ECE", "10163293F", "NG JUN KANG"),
  ("BME", "10163296C", "CHEW YAN RU, MAVIS"),
  ("AE", "10163299K", "TAN PIN JIE, SYLVIA"),
  ("BME", "10163305H", "CHOO SHERIEL SHANNON"),
  ("AE", "10163310F", "MUHAMMAD ARIF IQBAL B M A"),
  ("AE", "10163313C", "LIM JO E"),
  ("ECE", "10163315A", "YING ZHI ZHONG, TIMOTHY"),
  ("BME", "10163346J", "ONG JUN KIAT"),
  ("BME", "10163348G", "ONG GUAN LIN"),
  ("AE", "10163356B", "PHOI ISAAC"),
  ("ECE", "10163371C", "JONATHAN TAN YU SHEN"),
  ("BME", "10163395E", "WOON KUAN KIAT"),
  ("ECE", "10163418J", "TAN TZE WEI"),
  ("BME", "10163435H", "NG TENG ANN"),
  ("BME", "10163450J", "LOH KAI HENG"),
  ("ECE", "10163487A", "JOLEEN TAY JIE YU"),
  ("ECE", "10163508G", "CHIA BOON PAU, INTAN"),
  ("BME", "10163512F", "JAIMIE LIM LI LIN"),
  ("AE", "10163565H", "LEE JUN HONG"),
  ("ECE", "10163567F", "MUHAMMAD ARFAN B MOHAMMAD S"),
  ("BME", "10163569D", "R SRIDURGA"),
  ("AE", "10163575A", "KHOO WEI JIE"),
  ("ECE", "10163580J", "WONG TENG CHAO"),
  ("AE", "10163581H", "TAN HUI FANG"),
  ("ECE", "10163587B", "NUR SOFEA BTE MOHAMAD"),
  ("BME", "10163603C", "TAN ZI LIN"),
  ("AE", "10163606K", "JONATHAN WONG JIAN"),
  ("AE", "10163615D", "TANG JING HERNG"),
  ("BME", "10163624H", "REENA DIVYA D/O MANOGARAN"),
  ("BME", "10163659B", "CHAN JUN ZHAO"),
  ("ECE", "10163685E", "DARRELL NG JUN HAO"),
  ("BME", "10163686D", "LIM FANG YING"),
  ("BME", "10163741H", "CHONG YONG LIM"),
  ("ECE", "10163757E", "HUN YEW KWANG, BRIAN"),
  ("ECE", "10163780A", "ASHLEY TAN WEI JUN"),
  ("BME", "10163822B", "MUHAMMAD FALIQ B MOHD YUSOFF"),
  ("BME", "10163823A", "TAY ZHAO KAI"),
  ("BME", "10163849A", "NG ZHENG XIONG JOVAN"),
  ("AE", "10163866K", "CHEH KANG MING"),
  ("BME", "10163881A", "NGO JIN HUI"),
  ("BME", "10163884H", "ERNEST SIM ZI-EN"),
  ("BME", "10163886F", "MARCUS HOE WEN BIN"),
  ("AE", "10163924A", "KOH HOCK YANG"),
  ("ECE", "10163945F", "HANSON LYNN"),
  ("BME", "10163947D", "CHEN YUAN"),
  ("AE", "10163951C", "QIN SIYUAN"),
  ("BME", "10163973G", "WINT PYAE LYNN HTAIK"),
  ("ECE", "10163994B", "SOHN HYEONKWON"),
  ("ECE", "10164017E", "CHIA WAI LOONG STANLEY"),
  ("AE", "10164041K", "JANG WEI HONG, DILLON"),
  ("BME", "10164061F", "LIM TING JUN, JANADEZ"),
  ("ECE", "10164063D", "MUHAMMAD HARITH DANISH B M E"),
  ("BME", "10164073G", "CHONG JIA QI"),
  ("ECE", "10164076D", "WONG KAR WENG, KELVIN"),
  ("ECE", "10164081B", "LIN YU HSUAN CALVIN"),
  ("ECE", "10164083K", "ONG BAOLUN , SHAWN"),
  ("ECE", "10164084J", "LEOW SAN YIN"),
  ("ECE", "10164090F", "ZUHAILI B ISMAIL"),
  ("ECE", "10164099G", "YAP WEE KIAT"),
  ("AE", "10164123C", "POH SU QI, JINA"),
  ("ECE", "10164128H", "ZEONA AW ZHUWEN"),
  ("BME", "10164142K", "ILYAS HAKIM B MOHAMED JUWAHIR"),
  ("BME", "10164149C", "TAN GUAN WEI"),
  ("BME", "10164160H", "HENG ZHENG PING"),
  ("ECE", "10164164D", "ANG JUN YING"),
  ("ECE", "10164174G", "TAN LIANG ZHI"),
  ("ECE", "10164182B", "CHOO YUE XUN KERBY"),
  ("BME", "10164184K", "NG KANG WEI BRIAN"),
  ("BME", "10164209B", "KOON WEI ZHOU"),
  ("ECE", "10164218F", "LAU JIA WEI"),
  ("BME", "10164222E", "ZAHIDAH BTE MOHD ZAHID"),
  ("AE", "10164235E", "CHEAH HUI HENG KENNETH"),
  ("AE", "10164239A", "TAN JIA JUN, NADIA"),
  ("ECE", "10164250F", "SOONG SHIN YI"),
  ("AE", "10164261H", "CHEONG YAN NI"),
  ("ECE", "10164273J", "R PREMELA DARSHANA"),
  ("AE", "10164312C", "HUANG XIN"),
  ("AE", "10164317H", "KOH WEI JIE"),
  ("BME", "10164325C", "CHOO JIN HE"),
  ("BME", "10164327A", "PUTERI NURUL BTE SHAWAL"),
  ("AE", "10164329J", "ENG MING HAO"),
  ("AE", "10164361J", "NOAH LIM YI-REY"),
  ("BME", "10164372A", "NG KAI LI"),
  ("BME", "10164376G", "ANDIKA B MOHD ALI"),
  ("AE", "10164379D", "TAY YIN SENG"),
  ("AE", "10164420J", "CLARYL ANG HUI ERN"),
  ("ECE", "10164449F", "LOO AI JING"),
  ("AE", "10164474K", "AKIRA PECK XUAN YU"),
  ("BME", "10164489H", "EDINA LEE MIN YU"),
  ("AE", "10164518J", "MABEL LU SEE CHI"),
  ("ECE", "10164535H", "MOHANRAJ S/O KANGGALA MOORTHI"),
  ("BME", "10164590A", "BAY YI KIAT"),
  ("ECE", "10164617A", "LEE ZHEN WEI"),
  ("AE", "10164630D", "TAUFIQ AL-HIDAYAT B ISKANDAR Z"),
  ("BME", "10164632B", "NEO JING LI ELLIS"),
  ("ECE", "10164634K", "SHARAN S/O GOPALAKRISHNAN"),
  ("AE", "10164641F", "KRISHNA N"),
  ("ECE", "10164647K", "KHEW SHU XUAN JONELLE"),
  ("ECE", "10164660C", "CHEE KAH MUN"),
  ("AE", "10164662A", "ADRIAN YOONG KAR JOON"),
  ("AE", "10164663K", "LOW RUI JING"),
  ("ECE", "10164720B", "GUI LIAN EN"),
  ("BME", "10164743E", "TEY MING CHUAN"),
  ("AE", "10164759B", "MIKAIL RYOTA YASUDA"),
  ("ECE", "10164813G", "HO CHOWN HONG, JEDREK"),
  ("ECE", "10164817C", "CHEN KIAN LEONG"),
  ("AE", "10164832D", "JOHN ARMAN ABOGADO"),
  ("BME", "10164842G", "HAMDY SALMAN BALADRAM"),
  ("BME", "10164853J", "TEO BOBBY"),
  ("ECE", "10164868G", "CHEN ZHENG HAN, ENOCH"),
  ("AE", "10164873E", "KWEK ZHI QI"),
  ("ECE", "10164899E", "NORA JEAN CUNANAN SORIANO"),
  ("ECE", "10164912J", "SORE SERGFRED KYLE"),
  ("AE", "10164916E", "CHEYENNE TAY"),
  ("AE", "10164931F", "YONG CHUNG HOW"),
  ("ECE", "10164963C", "TOH WEN PIN"),
  ("ECE", "10164972G", "NUR HAZIRAH BTE MOHAMAD LATIF"),
  ("ECE", "10165007A", "GLENN CHIA"),
  ("BME", "10165015F", "NEO SHAO JUN"),
  ("BME", "10165024K", "JIN YONG HAO, JORDAN"),
  ("BME", "10165028F", "LUM TING FENG,EUGENE"),
  ("AE", "10165044F", "CHEE JUN TING"),
  ("ECE", "10165054J", "SAW JIA YI"),
  ("AE", "10165095K", "NG JIN HENG"),
  ("BME", "10165108A", "GAUTHAM S/O VIJAYAN KUMARAN"),
  ("BME", "10165143H", "PYAE THEIN"),
  ("BME", "10165145F", "JOANNE TSO LI SHIN"),
  ("AE", "10165196K", "SHAMITHRA D/O VIJEYAN"),
  ("AE", "10165214J", "NG YU KIAT JONATHAN"),
  ("AE", "10165236C", "LOH ZHI SEN"),
  ("ECE", "10165239K", "SIAH WEE CHONG"),
  ("AE", "10165245G", "NG ZHAO RONG"),
  ("ECE", "10165266B", "THA RA WUN"),
  ("AE", "10165273H", "MIN HTET PAING"),
  ("BME", "10165276E", "PHOON JIA WEN"),
  ("AE", "10165279B", "KNG YU WEI DARRYL"),
  ("ECE", "10165287G", "LIM WEI SHENG"),
  ("ECE", "10165293D", "ONG BEI BEI"),
  ("BME", "10165299H", "TAN ENG KHONG"),
  ("ECE", "10165300A", "LIM ZHENG TING"),
  ("ECE", "10165310D", "LEE WEI JIE"),
  ("BME", "10165330K", "WONG ZENG GUANG JOSHUA"),
  ("AE", "10165355A", "ANG YU XUAN CLEMENCE"),
  ("ECE", "10165366C", "TAN JING REN"),
  ("ECE", "10165385K", "LAW KOK MUN"),
  ("AE", "10165421G", "KOH QI EN"),
  ("ECE", "10165434G", "CHUA JUN YUAN LEONARD"),
  ("BME", "10165502A", "LAVANYAH M"),
  ("ECE", "10165528A", "FOO JO MUN"),
  ("ECE", "10165530B", "KESHAV NATARAJAN"),
  ("ECE", "10165532K", "TAN DE SHUEN"),
  ("AE", "10165543B", "WANG LUN"),
  ("AE", "10165557A", "KUAH QUAN CHAO"),
  ("BME", "10165565F", "NUR AQIDAH BTE TUAHHAINI"),
  ("AE", "10165575J", "TAN JUN KAI, JAVIER"),
  ("AE", "10165589H", "FIDEL TAN YAN SHENG"),
  ("BME", "10165614C", "LIM JIA HUI"),
  ("AE", "10165651H", "ONG JOHN JUN, ADRIAN"),
  ("BME", "10165654E", "TAN PIN LIANG"),
  ("ECE", "10165655D", "THUTA HTET OO"),
  ("BME", "10165660B", "OH ZHI QI, VICTOR"),
  ("AE", "10165669C", "MUHAMMAD NIZAMUDDIN B MOHD ALI"),
  ("BME", "10165671D", "SEAH PEILING, SAMANTHA"),
  ("AE", "10165705K", "LI SHENG KUN, JACK"),
  ("BME", "10165735J", "AU JIA QIAN, CANDICE"),
  ("ECE", "10165739E", "RACHEL CHIA HUI YI"),
  ("ECE", "10165743D", "TAN CHUN GUAN"),
  ("BME", "10165755E", "NADIYA MUNIRAH SIMATUPANG BINTI TAUFIK SIMATUPANG"),
  ("ECE", "10165803C", "CHANG TZE CHUAN"),
  ("BME", "10165805A", "CHONG KOK LEONG"),
  ("ECE", "10165818A", "PADAYAO JOHN CARLO KAALIM"),
  ("BME", "10165819K", "EVAN SEAN SAINANI"),
  ("ECE", "10165823J", "CHEW WEI ZONG"),
  ("ECE", "10165835K", "THURKA D/O MOHAN DASS"),
  ("BME", "10165844D", "VANESSA TAN LI XUAN"),
  ("BME", "10165848K", "LOKE XIU LI JASMINE"),
  ("AE", "10165871F", "ALVIN LEOW DEXING"),
  ("ECE", "10165937J", "HUANG LUANBING"),
  ("AE", "10165938H", "MUHAMMAD AZIRUL BIN ZULKIFLI"),
  ("BME", "10165949K", "NEHEMIAH LIAW OON ENG"),
  ("ECE", "10165954H", "OOI BENG YEW"),
  ("ECE", "10165955G", "ANG KOK CHIUN"),
  ("ECE", "10165967H", "AHMAD RIDHUAN KHALIF B AHMAD K"),
  ("ECE", "10165997G", "MAH CHI LEONG"),
  ("BME", "10166013G", "MUHAMMAD SYAZANI B JASMAN"),
  ("AE", "10166033C", "LAW JIA HAO"),
  ("BME", "10166037J", "KUA JIA KANG"),
  ("BME", "10166040J", "NORMAN B HASHIM"),
  ("ECE", "10166048A", "PRABHAKARAN S/O KUNASEGARAN"),
  ("BME", "10166059C", "JEROME THOMAS DINESH SUKUMARAN"),
  ("ECE", "10166062C", "LEE HONG JIE"),
  ("AE", "10166074D", "STANLEY QUEK TECK MENG"),
  ("ECE", "10166106B", "CHRISTIAN PAOLO REYNOSO G"),
  ("AE", "10166117D", "ALVINCI AQUINO MERQUITA"),
  ("BME", "10166122B", "LING TING TING"),
  ("AE", "10166133D", "LEE TECK GEN"),
  ("AE", "10166138J", "NICHOLAS YAP KIT"),
  ("AE", "10166165A", "TAY YONG ANN"),
  ("ECE", "10166176C", "KHOO LE CONG"),
  ("ECE", "10166195K", "ELIZABETH QUAH JIA CING"),
  ("BME", "10166223B", "CHENG MING DA"),
  ("BME", "10166224A", "LIM SHI NING FELICIA"),
  ("ECE", "10166225K", "TAY LING RONG, ANNABEL"),
  ("AE", "10166247D", "LUTFI HAKIM B MOHD RIDZUAN"),
  ("BME", "10166249B", "DANIEL TAN ZHEN YU"),
  ("ECE", "10166258F", "LEONG SOW YUEN"),
  ("ECE", "10166263D", "ALVIN NGOW FENG HAO"),
  ("AE", "10166270K", "RYAN TAN YAN KIT"),
  ("ECE", "10166283K", "DARYL TAN PIN QIANG"),
  ("ECE", "10166343J", "LOW GUAN TING RAYMOND"),
  ("BME", "10166350E", "LAU JUN LONG"),
  ("ECE", "10166353B", "SOH JIE MING"),
  ("BME", "10166369J", "NUR FIRZANAH BTE RASHID"),
  ("ECE", "10166371K", "LEE ZHONG EN"),
  ("BME", "10166376E", "SAMUEL SEAH YONG KWANG"),
  ("AE", "10166381C", "ENG MIN LUN, JASPER"),
  ("BME", "10166414K", "JOVAN LEE KAI FONG"),
  ("AE", "10166420G", "HANHS CHRISTIAN PINERO UBANAN"),
  ("BME", "10166558J", "AJAY ZUBIN RATTY"),
  ("AE", "10166563G", "NEO KAI JUN"),
  ("AE", "10166571B", "LEE JUN HENG"),
  ("AE", "10166633J", "LEO QI BIN"),
  ("BME", "10166638D", "ADNAN FAISHAL TAUFIQ"),
  ("ECE", "10166655C", "CLOVIS TAY JUN YU"),
  ("BME", "10166664G", "JONATHAN EMMANUELTHAY MING XIE"),
  ("ECE", "10166677G", "TEO JUN LI JINI"),
  ("ECE", "10166688J", "ANJELICA TANG"),
  ("AE", "10166693G", "RYAN SNG WEI QUAN"),
  ("BME", "10166696D", "ZAFIRAH AMANINA BTE MAHMOOD"),
  ("AE", "10166702B", "TAN JUN KIT, AUSTIN"),
  ("ECE", "10166712E", "LEE JIAHENG, SHERWIN"),
  ("BME", "10166750J", "SHINKORI MITCHELLE DAVIDSON"),
  ("AE", "10166753F", "ONG SHING HE"),
  ("AE", "10166769C", "JEREMIAH NG HAO YAN"),
  ("ECE", "10166771D", "YEO ZONG XIAN, ADRIAN"),
  ("ECE", "10166814D", "TAY CHEE YONG"),
  ("ECE", "10166817A", "KEH EN WEI"),
  ("AE", "10166842E", "CHUNG HUI MIN ASHLEY"),
  ("ECE", "10166852H", "MERICK FONG TZIN CHEN"),
  ("AE", "10166907J", "MATTHEW RUSSELL LYON"),
  ("ECE", "10166910J", "VEERANALA HIMASRUTHI"),
  ("ECE", "10166919K", "LOH XUE YING RENEE SHERLYNN S"),
  ("AE", "10166928D", "SOH JUN YANG"),
  ("ECE", "10166932C", "LIANI ASLAM"),
  ("ECE", "10166935K", "CHEN YI-TIAN"),
  ("ECE", "10166936J", "GOH QI MING, ANDY"),
  ("AE", "10166956E", "YAP YI JIE"),
  ("ECE", "10166958C", "SU YU-YI"),
  ("ECE", "10167213H", "CHEN HAOLAN"),
  ("ECE", "10167217D", "LI WEINAN"),
  ("BME", "10167219B", "LIU XIN"),
  ("ECE", "10167224K", "PU TIAN"),
  ("ECE", "10167227G", "ZENG KERUI"),
  ("ECE", "10167228F", "XIA HUITING"),
  ("ECE", "10167232E", "FENG RUIQI"),
  ("ECE", "10167237K", "CHEN ZIYU"),
  ("ECE", "10167242H", "DING GAOXING"),
  ("ECE", "10167244F", "FU DANLI"),
  ("ECE", "10167249A", "AUNG THIHA SOE"),
  ("AE", "10167251B", "BRANG SENG"),
  ("ECE", "10167255H", "HEIN THU TA"),
  ("ECE", "10167257F", "SHAN HUIJIE"),
  ("ECE", "10167259D", "HNIN NANDAR AUNG"),
  ("ECE", "10167260F", "HTET NAY MIN HEIN"),
  ("ECE", "10167262D", "KAUNG MYAT THU"),
  ("ECE", "10167265A", "KHANT ZAW HEIN"),
  ("ECE", "10167267J", "KHIN MAUNG TUN"),
  ("ECE", "10167268H", "KYAW LIN"),
  ("ECE", "10167269G", "ZHANG WENLI"),
  ("ECE", "10167271H", "KYI ZAR THEINT"),
  ("ECE", "10167273F", "CHEN XI"),
  ("ECE", "10167275D", "MYAT EI MON SOE"),
  ("ECE", "10167278A", "ZHANG TONGTONG"),
  ("ECE", "10167282K", "ZHENG HAILING"),
  ("BME", "10167286F", "SUN JINDA"),
  ("ECE", "10167293B", "LI GENGWEI"),
  ("ECE", "10167294A", "LIU JINGYAO"),
  ("ECE", "10167295K", "DOU YINGZHUO"),
  ("ECE", "10167299F", "KYAW THIT LWIN"),
  ("BME", "10167301H", "MYAT NOE THIRI KYAW"),
  ("ECE", "10167304E", "WAI YAN TUN"),
  ("ECE", "10167305D", "ZIN YE NAING"),
  ("ECE", "10167306C", "YANG SHOUYUAN"),
  ("ECE", "10167309K", "LI YANZHEN"),
  ("ECE", "10167321D", "CAO QIMING"),
  ("ECE", "10167331G", "ZIN HTET AUNG"),
  ("ECE", "10167332F", "DONG YUCHEN"),
  ("ECE", "10167385H", "PAN KAILONG"),
  ("ECE", "10167397J", "CHUA GEANNE"),
  ("BME", "10167407C", "RYAN WONG JING HENG"),
  ("ECE", "10167416G", "LIM JINGXIANG"),
  ("BME", "10167419D", "JANG JAE IK"),
  ("ECE", "10167426K", "CHAN LI YAN"),
  ("ECE", "10167465C", "JIANG SI'EN, ABIGAIL"),
  ("BME", "10167561H", "GOH ZE YANG"),
  ("BME", "10167700C", "LIAP JING WEI"),
  ("BME", "10167731A", "PANG WINNIE"),
  ("BME", "10167770D", "IVY LIM"),
  ("ECE", "10167948J", "MUHAMMAD IBRAHIM BIN ROSNAN"),
  ("AE", "10167959A", "BRENDAN SOH ZHAN BIN"),
  ("ECE", "10167968E", "FAZILUL ILAHI MOHAMED AZARUDEEN"),
  ("ECE", "10167976K", "MUHAMMAD SHA'ABAN BIN MAZLAN"),
  ("AE", "10167978H", "LESLIE QUEK HONG YUAN"),
  ("ECE", "10167983F", "WONG WEI LOCK"),
  ("ECE", "10167992K", "ZHENG HUISHI JESSLYN"),
  ("ECE", "10168005K", "YOH PEI TING"),
  ("AE", "10168012F", "LONG JIWEI AARON"),
  ("ECE", "10168039E", "CHEN LONGCHENG"),
  ("ECE", "10168052H", "HO SHENG MING"),
  ("ECE", "10168061B", "MUHAMMAD YAAKUB BIN MUHAMMAD YUSOF"),
  ("ECE", "10168066G", "KIMBERLY JILL PEREIRA"),
  ("ECE", "10168072D", "MANESE RAYMOND DOMINIC MARTIZANO"),
  ("ECE", "10168082G", "ZHANG FAN"),
  ("AE", "10168091A", "UMAR BIN MOHAMMAD"),
  ("ECE", "10168097E", "EDWIN TAY CHUN KIAT"),
  ("ECE", "10168100F", "LEE YONG SENG"),
  ("ECE", "10168105A", "LI JINHAI"),
  ("ECE", "10168106K", "JOSHUA TEO CHOON WEE"),
  ("ECE", "10168125G", "ONG YUE WEN"),
  ("ECE", "10168130E", "MUHAMMAD AJMAIN BIN SADALI"),
  ("AE", "10168143E", "FATIN LIYANA BINTE DURAHMAN"),
  ("ECE", "10168149J", "NICHOLAS CHAU SONG HEI"),
  ("ECE", "10168155F", "ENG LUO QI"),
  ("AE", "10168175B", "LIM YI XIANG BRYAN"),
  ("AE", "10168184F", "MUHAMMAD AFIQ BIN MUSTAFA"),
  ("ECE", "10168197F", "PNG YEOW TZUN"),
  ("ECE", "10168206A", "YEAP XIN LI"),
  ("ECE", "10168233C", "NURUL AMIRAH BINTE NORASMIN"),
  ("AE", "10168272F", "FU YONG FENG"),
  ("ECE", "10168281K", "MUHAMMAD RUSYDI BIN NADZRAN"),
  ("ECE", "10168282J", "QUAH KAI YEOW ALFRED"),
  ("ECE", "10168283H", "FREDDIE KOH"),
  ("ECE", "10168285F", "NICOLAS TAY JING YAN"),
  ("ECE", "10168286E", "MUHAMMAD SHARYZAN"),
  ("AE", "10168287D", "MUHAMMAD SYAHIRAN BIN RAHMAD"),
  ("ECE", "10168288C", "NG LENG POH"),
  ("ECE", "10168290D", "LIM HWEE HIAN"),
  ("ECE", "10168297G", "TERRENCE ONG CHUAN KAI"),
  ("ECE", "10168305C", "TAY HAO LUN"),
  ("ECE", "10168308K", "MOHAMMAD AMIRUL BIN ARIFF"),
  ("ECE", "10168320D", "LEONARD HO ZHAN LIN"),
  ("ECE", "10168322B", "NEO KAI JIE NICHOLAS"),
  ("AE", "10168323A", "KARAN SINGH DHILLON"),
  ("ECE", "10168324K", "FOO CHEE YONG"),
  ("ECE", "10168355H", "KHOR HONG MING"),
  ("ECE", "10168361E", "MUHAMMAD FATHURRAHMAN BIN MOHAMAD SAID"),
  ("ECE", "10168381A", "CHEW HUI FANG"),
  ("ECE", "10168392C", "JASON GEOW CHONG SENG"),
  ("ECE", "10168407B", "SNG WEI HENG"),
  ("ECE", "10168420E", "GOH JIA LIANG KENNETH"),
  ("BME", "10168472H", "NYAYAPATI SRINIDHI"),
  ("ECE", "10168488E", "MARKUS LIM YI QIN"),
  ("ECE", "10168716J", "JARELL HO JIA LE"),
  ("ECE", "10169660H", "LIM PEI ZHEN, ELENE"),
  ("ECE", "10169947H", "NOAH MICHAEL CHOO SHUEN TENG"),
  ("ECE", "10170606K", "LIM YE KAI"),
  ("ECE", "10170632C", "SAMUEL CHIAM TAT MENG"),
  ("ECE", "10170640H", "LOH CHEE WENG"),
  ("ECE", "10170717C", "BAN KHAY JEAH JUSTIN"),
  ("ECE", "10170719A", "JOSHUA NG WEI MING"),
  ("ECE", "10170721B", "GERARD DHIRREN PANDJI"),
  ("ECE", "10170736K", "ANG ZHI KAI"),
  ("ECE", "10170761D", "GLORIANI BUENDIA ANGEL JOHN"),
  ("ECE", "10170774D", "DEOCADIZ KELVIN ROIZE GELANGRE"),
  ("ECE", "10170801G", "AMARSAIKHAN KHULAN"),
  ("ECE", "10170814G", "TANG KI WANG, RAVEN"),
  ("ECE", "10170890E", "NUR BADRIYAH BINTI JOHAN"),
  ("ECE", "10170930H", "ONG SHAO HENG"),
  ("ECE", "10170973G", "GOH JIA JUN, BRYANT"),
  ("ECE", "10170998H", "DANIIEL KUMAR OOI"),
  ("AE", "10171041K", "DERICK ANG JIAN ZHU"),
  ("ECE", "10171063D", "NIO WEI JUN"),
  ("ECE", "10171070K", "BRYAN EE RUI YANG"),
  ("ECE", "10171072H", "LEE WEI LIANG"),
  ("ECE", "10171094B", "WONG JING YI"),
  ("ECE", "10171120F", "BRYAN HO SHAO XIANG"),
  ("ECE", "10171128H", "ALOYSIUS XU LIEZHANG"),
  ("BME", "10171200A", "NAKAYAMA AKIHIKO"),
  ("ECE", "10171205F", "CHIN KIAN HWEE"),
  ("ECE", "10171223D", "LEE QUAN EN, KEN"),
  ("ECE", "10171232H", "JEZEBEL LEE LI YING"),
  ("ECE", "10171233G", "LIM HONG SHIN, DAVE"),
  ("BME", "10171238B", "GABRIEL ANG"),
  ("ECE", "10171274H", "ONG BIN HAN, JOE"),
  ("ECE", "10171285K", "CHIN YI CHAO"),
  ("ECE", "10171304H", "ONG JIA MING TOMMY"),
  ("ECE", "10171307E", "GAO CHUN YANG"),
  ("ECE", "10171316J", "MAK SHU YIN JANIS"),
  ("ECE", "10171344K", "LEE HUI YI"),
  ("AE", "10171377F", "LEONG WEIYI"),
  ("ECE", "10171393F", "BENJAMIN WEE JIAWEI"),
  ("BME", "10171394E", "NG YI TING, VANESSA"),
  ("AE", "10171454D", "SHERALYN LEE YING"),
  ("BME", "10171484C", "ANG ENG SHENG"),
  ("ECE", "10171510G", "MOHAMMED NISHAR ALI S/O M A"),
  ("ECE", "10171523G", "CHEN XUEER"),
  ("ECE", "10171528B", "KYAW SWA HTAY"),
  ("ECE", "10171561A", "HARIHARAN KRISHNAN"),
  ("ECE", "10171565G", "OAKKAR KYAW"),
  ("ECE", "10171566F", "WANG HONG FEI"),
  ("ECE", "10171585C", "CHUA CHENG EN"),
  ("ECE", "10171588K", "QUENTIN LIN"),
  ("ECE", "10171619J", "CALVIN WONG CHUN JIN"),
  ("ECE", "10171636H", "WONG YU XUAN"),
  ("BME", "10171656D", "WONG SIN YEE"),
  ("ECE", "10171662A", "LEE ZHI HAO"),
  ("ECE", "10171667F", "CHEN JIAJUN"),
  ("ECE", "10171676K", "KOW KAI YUAN"),
  ("AE", "10171677J", "MOHAMAD IANN B ADAM TAY"),
  ("ECE", "10171701E", "NG JIAN MING"),
  ("ECE", "10171726F", "TAN HAO YUN, ROMULUS"),
  ("ECE", "10171755F", "LUM HOI SHIN KIMBER"),
  ("ECE", "10171761C", "NURUL FATIMAH BINTI ISKANDAR MUDA ABDUL JALIL"),
  ("ECE", "10171788B", "NG WEN XIANG"),
  ("ECE", "10171837J", "GAN WEE SHAN"),
  ("ECE", "10171840J", "KAVILSHINI AP SINNAKUTTY"),
  ("ECE", "10171841H", "MEHTA SHACHI PRANAV"),
  ("BME", "10171868G", "YEO WEN JUE"),
  ("ECE", "10171915F", "TAN WEE YI"),
  ("ECE", "10171955H", "MUHAMMAD SYAHMI B ABDUL MANAF"),
  ("ECE", "10171960F", "QWEK JIN KEE"),
  ("AE", "10171968H", "PARTH UDAY JOGLEKAR"),
  ("ECE", "10171977B", "NASRUDDINE LOUAHEMMSABAH"),
  ("ECE", "10172032E", "ER JUN WEI"),
  ("ECE", "10172069G", "ALOYSIUS LEK JUN HONG"),
  ("AE", "10172125K", "CHIA JUN HAO, AMOS"),
  ("ECE", "10172188E", "NG JING YI"),
  ("ECE", "10172264D", "AHMAD NAQIUDDIN HAZIQ B H"),
  ("ECE", "10172278C", "MARCUS YEO CHERNG LIN"),
  ("ECE", "10172328J", "NIGEL KOH KE WEI"),
  ("ECE", "10172339A", "LIM YAO XIAN"),
  ("ECE", "10172349D", "ONG JUN XIANG, JOEL"),
  ("ECE", "10172355A", "CHONG YAO HUI"),
  ("ECE", "10172356K", "SIOW WEI RONG"),
  ("ECE", "10172370B", "EMILIO TRISTAN JULIAN SEBASTIAN"),
  ("ECE", "10172378D", "TAN KAI BOON"),
  ("ECE", "10172411D", "YEO JUN JIE"),
  ("ECE", "10172420H", "SHAUN LOH YANG-ZHI"),
  ("ECE", "10172435F", "MUHAMMAD HAZIQ B MAZWAN"),
  ("ECE", "10172542C", "RAMASWAMY S/O LAKSHMANAN"),
  ("ECE", "10172544A", "CHOONG YUE TING CLARENCE"),
  ("ECE", "10172565F", "AMIR B SYED NASSER"),
  ("ECE", "10172573A", "SIM ZHEN PENG, ROMMEL"),
  ("ECE", "10172575J", "KENT LEE CHEE HAO"),
  ("ECE", "10172590K", "MUHAMMAD MIKHAIL B RAMDAN"),
  ("AE", "10172591J", "NEO YU YANG"),
  ("ECE", "10172608F", "LEE YONG HUI"),
  ("ECE", "10172623G", "NG XUAN YIN VALERIE"),
  ("ECE", "10172631B", "TAN CHUN BOON"),
  ("AE", "10172632A", "TAN BOON HUI, RAYSON"),
  ("BME", "10172648H", "PANG MEE YEE"),
  ("ECE", "10172683E", "ZHUO YIJIAN"),
  ("ECE", "10172721K", "POW CHONG GHEE, BRYAN"),
  ("ECE", "10172725F", "ALOYSIUS PHANG JINGHAO"),
  ("ECE", "10172763K", "CHEN LISHAN"),
  ("ECE", "10172780J", "CHAN KIAT FEI JUSTIN"),
  ("ECE", "10172799C", "SIM WEE KEE"),
  ("ECE", "10172812G", "DEON LIM KIAN YONG"),
  ("BME", "10172818A", "IVAN TAN KAH KENG"),
  ("ECE", "10172822K", "LIM DE LONG"),
  ("ECE", "10172842F", "CHIA BEN HUI"),
  ("AE", "10172843E", "DAI LE TIAN"),
  ("ECE", "10172845C", "HAN MING YAN"),
  ("ECE", "10172857D", "DON LIM ZHAN CHEN"),
  ("ECE", "10172859B", "HOWARD PECK HONG WEI"),
  ("BME", "10172930F", "NG HONG RAY"),
  ("AE", "10172960E", "TEE WEN JUN"),
  ("ECE", "10173014F", "LUKAS ADAM ROSSMAN"),
  ("ECE", "10173109J", "LOH YAN WEN"),
  ("ECE", "10173117D", "XIE ZHI XIONG"),
  ("BME", "10173125J", "TAN WAN YI"),
  ("ECE", "10173179K", "KOO BING FU"),
  ("ECE", "10173191D", "PHEE JIA HUI VALERIE"),
  ("BME", "10173195K", "FOO FANG HAO"),
  ("AE", "10173204E", "JOCELYN LING YI XIAN"),
  ("ECE", "10173290F", "THINNAGHARAN S/O A ANBALAHAN"),
  ("ECE", "10173298H", "KENNETH CHEONG JIA LE"),
  ("ECE", "10173300K", "WONG QI MING"),
  ("ECE", "10173317F", "LIU JUN"),
  ("ECE", "10173319D", "XIA YU"),
  ("ECE", "10173362F", "JARREN NG JUN RUI"),
  ("ECE", "10173389E", "LOH XIN YI"),
  ("ECE", "10173476F", "ONG YEOW KOON, JARON"),
  ("ECE", "10173531K", "CELINE CHAN CHIN HEE"),
  ("ECE", "10173552E", "ZHANG XIANGHUI"),
  ("ECE", "10173733K", "LEROY DOMINIC WONG KIN WAH"),
  ("ECE", "10173849H", "JOSHUA TAN HAO ZE"),
  ("ECE", "10173936J", "DUSTIN CHARL FLORES RINON"),
  ("ECE", "10173953H", "YEO WEN WEI MAX"),
  ("ECE", "10173964K", "XAVIER WONG"),
  ("ECE", "10173975B", "ONG MING JIE"),
  ("ECE", "10174000F", "JORDAN GHO JUN SHENG"),
  ("BME", "10174011H", "DANNY LIM EN HWA"),
  ("ECE", "10174379A", "ABDUL HADI B ABDUL KHALIM"),
  ("ECE", "10174635F", "DO DO VAN LAL DUH"),
  ("ECE", "10174636E", "HNIN WAI SU KYI"),
  ("ECE", "10174638C", "KAUNG HTET"),
  ("ECE", "10174641C", "MYAT THINZAR AUNG"),
  ("ECE", "10174643A", "PHU MYAT CHAL"),
  ("ECE", "10174650G", "YUN MYAT THWE"),
  ("ECE", "10174651F", "ZIN LIN HTET"),
  ("ECE", "10174653D", "LI JIALIN"),
  ("ECE", "10174656A", "XU NUOCHEN"),
  ("ECE", "10174660K", "LIU YUQING"),
  ("ECE", "10174661J", "GUO JIANGXIAO"),
  ("ECE", "10174665E", "ZHANG ZUOJUN"),
  ("ECE", "10174669A", "WANG RUI"),
  ("ECE", "10174670C", "YANG ZIYI"),
  ("ECE", "10174671B", "CAI XINCHENG"),
  ("ECE", "10174672A", "CHEN SHIYU"),
  ("ECE", "10174678E", "LI JIAXUAN"),
  ("ECE", "10174679D", "LIANG XINMIAO"),
  ("ECE", "10174680F", "CHEN XUANYUE"),
  ("ECE", "10174867E", "MICHELLE GONG XIN YI"),
  ("ECE", "10174875K", "JOSHUA SIM JUN WEI"),
  ("ECE", "10174879F", "WONG QUAN YONG"),
  ("ECE", "10174882F", "TAN ZHI KAI"),
  ("ECE", "10175334C", "HENG JUNJIE"),
  ("ECE", "10175368H", "CHEW JING HONG"),
  ("ECE", "10175369G", "KOH WEI LING"),
  ("ECE", "10175374E", "CHEA CUI HUI"),
  ("ECE", "10175398G", "CHOY KUM YEW"),
  ("ECE", "10175402G", "LEE BRYAN"),
  ("ECE", "10175417E", "SOH JOON MENG"),
  ("ECE", "10175435C", "CHOW YI HONG, JOEY"),
  ("ECE", "10175459E", "VANNESS LIN JUN HAO"),
  ("ECE", "10175467K", "LOW CHIN POH"),
  ("ECE", "10175468J", "GERALD LEONG SHUN"),
  ("ECE", "10175471J", "GO ROYSTON"),
  ("ECE", "10175476D", "RYAN HONG WEI XUAN"),
  ("ECE", "10175497J", "ADRIAN LIM JIA JUN"),
  ("ECE", "10175500K", "CHING ZHI WEI"),
  ("ECE", "10175507C", "PATRICK SIAH HAN RONG"),
  ("ECE", "10175520F", "NG WEI ZHE"),
  ("ECE", "10175524B", "RONALD AW HAN KIAT"),
  ("ECE", "10175533F", "ANG WEI CHOON"),
  ("ECE", "10175543J", "CEDRICK CHAW CAPILITAN"),
  ("ECE", "10175546F", "NG SWEE KIAT"),
  ("ECE", "10175556J", "ALVIN KUM JUN WEI"),
  ("ECE", "10175575F", "KOH EN LIANG"),
  ("ECE", "10175578C", "WEE JING MING"),
  ("ECE", "10175599H", "CHEE QIAN NING BRENDA"),
  ("ECE", "10175624C", "MUHAMMAD AMEERUL B AZMAN"),
  ("ECE", "10175627K", "MUHAMMAD RAIMI B MOHAMAD SAHAR"),
  ("ECE", "10175644J", "CALVIN SIM HWEE LEONG"),
  ("ECE", "10175646G", "YASIN AQIB B ALI"),
  ("ECE", "10175654B", "MUHAMMAD SYAFIQ AMIN B ASNI"),
  ("ECE", "10175659G", "LIM WEI CHENG"),
  ("ECE", "10175666C", "ABDUL HADI B ABDUL RAHMAN"),
  ("ECE", "10175678D", "LEE ZHI CAO"),
  ("ECE", "10175686J", "K PAVITHIREN PRESTIAN"),
  ("ECE", "10175687H", "SEOW DA SHENG, JONATHAN"),
  ("ECE", "10175688G", "WONG HOONG SENG, SAMUEL"),
  ("ECE", "10175749E", "LAI MING FENG"),
  ("ECE", "10175753D", "TEO WEN JIE"),
  ("ECE", "10175767C", "HI XIAN LING"),
  ("ECE", "10175770C", "LOUISE KWOK LI XUAN"),
  ("ECE", "10175776G", "LIM CHENG PING"),
  ("ECE", "10175803K", "CHEE JUN HENG EUGENE"),
  ("ECE", "10175817J", "LO SHEN WEI"),
  ("ECE", "10175838D", "MUHAMMAD MUHARRAM B ZOR ADENAN"),
  ("ECE", "10175902B", "TAY KAI RONG MARCUS"),
  ("ECE", "10175926D", "KHOO JUN AN"),
  ("ECE", "10175928B", "CLAUDE TAY JING LONG"),
  ("ECE", "10175938E", "MOH CUI GUANG KINGSTON"),
  ("ECE", "10175940F", "SIA WEI HNG");


  
/*Table structure for table `timetable` */

DROP TABLE IF EXISTS `timetable`;

CREATE TABLE `timetable` (
  `id` int(10) unsigned NOT NULL AUTO_INCREMENT,
  `student_id` varchar(10) NOT NULL,
  `lesson_id` int(10) unsigned NOT NULL,
  `lecturer_id` varchar(10) NOT NULL,
  `created_at` timestamp NOT NULL DEFAULT CURRENT_TIMESTAMP,
  PRIMARY KEY (`id`),
  UNIQUE KEY (`student_id`,`lesson_id`, `lecturer_id`),
  CONSTRAINT `timetable_ibfk_1` FOREIGN KEY (`student_id`) REFERENCES `student` (`id`) ON DELETE CASCADE ON UPDATE CASCADE,
  CONSTRAINT `timetable_ibfk_2` FOREIGN KEY (`lesson_id`) REFERENCES `lesson` (`id`) ON DELETE CASCADE ON UPDATE CASCADE,
  CONSTRAINT `timetable_ibfk_3` FOREIGN KEY (`lecturer_id`) REFERENCES `lecturer` (`id`) ON DELETE CASCADE ON UPDATE CASCADE
) ENGINE=InnoDB AUTO_INCREMENT=63 DEFAULT CHARSET=latin1;

/*Data for the table `timetable` */

insert  into `timetable`(`id`,`student_id`,`lesson_id`,`created_at`, `lecturer_id`) values 
  (32,1,1,'2016-04-26 11:10:06',"9580"),
  (33,1,2,'2016-04-26 11:10:06',"9580"),
  (34,1,3,'2016-04-26 11:10:06',"9580"),
  (35,1,4,'2016-04-26 11:10:06',"9580"),
  (36,1,5,'2016-04-26 11:10:06',"9580"),
  (37,1,6,'2016-04-26 11:10:06',"9580"),
  (38,1,7,'2016-04-26 11:10:06',"9580"),
  (39,1,8,'2016-04-26 11:10:06',1),
  (40,1,9,'2016-04-26 11:10:06',1),
  (41,1,10,'2016-04-26 11:10:06',1),
  (42,1,11,'2016-04-26 11:10:06',"9580"),
  (43,1,12,'2016-04-26 11:10:06',1),
  (44,1,13,'2016-04-26 11:10:06',1),
  (45,1,14,'2016-04-26 11:10:06',"9580"),
  (46,1,15,'2016-04-26 11:10:06',1),
  (47,1,16,'2016-04-26 11:10:06',1),
  (48,2,17,'2016-04-26 11:10:06',"9580"),
  (49,2,18,'2016-04-26 11:10:06',"9580"),
  (50,2,19,'2016-04-26 11:10:06',1),
  (51,2,20,'2016-04-26 11:10:06',1),
  (52,2,21,'2016-04-26 11:10:06',1),
  (53,2,22,'2016-04-26 11:10:06',"9580"),
  (54,2,23,'2016-04-26 11:10:06',1),
  (55,2,24,'2016-04-26 11:10:06',1),
  (56,2,25,'2016-04-26 11:10:06',"9580"),
  (57,2,26,'2016-04-26 11:10:06',1),
  (58,2,27,'2016-04-26 11:10:06',1),
  (59,2,28,'2016-04-26 11:10:06',"9580"),
  (60,2,29,'2016-04-26 11:10:06',1),
  (61,2,30,'2016-04-26 11:10:06',1),
  (62,2,31,'2016-04-26 11:10:06',1),
  (63,2,32,'2016-04-26 11:10:06',1),
  (137,3,6,'2016-04-26 11:10:06',"9580"),
  (138,3,7,'2016-04-26 11:10:06',1),
  (139,3,8,'2016-04-26 11:10:06',1),
  (140,3,9,'2016-04-26 11:10:06',"9580"),
  (141,3,10,'2016-04-26 11:10:06',"9580"),
  (142,3,11,'2016-04-26 11:10:06',"9580"),
  (143,3,12,'2016-04-26 11:10:06',1),
  (144,3,13,'2016-04-26 11:10:06',1),
  (145,3,14,'2016-04-26 11:10:06',1),
  (146,3,15,'2016-04-26 11:10:06',1),
  (147,3,16,'2016-04-26 11:10:06',1),
  (148,3,17,'2016-04-26 11:10:06',"9580"),
  (149,3,18,'2016-04-26 11:10:06',1),
  (150,3,19,'2016-04-26 11:10:06',1),
  (151,3,20,'2016-04-26 11:10:06',"9580"),
  (152,3,21,'2016-04-26 11:10:06',1),
  (153,3,22,'2016-04-26 11:10:06',1),
  (154,3,23,'2016-04-26 11:10:06',1),
  (243,4,12,'2016-04-26 11:10:06',"9580"),
  (244,4,13,'2016-04-26 11:10:06',1),
  (245,4,14,'2016-04-26 11:10:06',"9580"),
  (246,4,15,'2016-04-26 11:10:06',"9580"),
  (247,4,16,'2016-04-26 11:10:06',1),
  (248,4,17,'2016-04-26 11:10:06',1),
  (249,4,18,'2016-04-26 11:10:06',"9580"),
  (250,4,19,'2016-04-26 11:10:06',1),
  (251,4,20,'2016-04-26 11:10:06',1),
  (252,4,21,'2016-04-26 11:10:06',"9580"),
  (253,4,22,'2016-04-26 11:10:06',1),
  (254,4,23,'2016-04-26 11:10:06',1),
  (255,4,24,'2016-04-26 11:10:06',"9580"),
  (256,4,25,'2016-04-26 11:10:06',1),
  (257,4,26,'2016-04-26 11:10:06',1),
  (258,4,27,'2016-04-26 11:10:06',"9580"),
  (259,4,28,'2016-04-26 11:10:06',1),
  (260,4,29,'2016-04-26 11:10:06',1),
  (261,4,30,'2016-04-26 11:10:06',1),
  (262,4,31,'2016-04-26 11:10:06',1),
  (337,4,6,'2016-04-26 11:10:06',1),
  (338,4,7,'2016-04-26 11:10:06',1),
  (339,4,8,'2016-04-26 11:10:06',"9580"),

  (72,1,41,'2016-04-26 11:10:06',1),
  (73,1,42,'2016-04-26 11:10:06',"9580"),
  (74,1,43,'2016-04-26 11:10:06',1),
  (75,1,44,'2016-04-26 11:10:06',1),
  (76,1,45,'2016-04-26 11:10:06',1),
  (77,1,46,'2016-04-26 11:10:06',1),
  (78,1,47,'2016-04-26 11:10:06',"9580"),
  (79,1,48,'2016-04-26 11:10:06',"9580"),
  (80,1,49,'2016-04-26 11:10:06',"9580"),
  (81,1,50,'2016-04-26 11:10:06',1),
  (82,1,51,'2016-04-26 11:10:06',1),
  (83,1,52,'2016-04-26 11:10:06',"9580"),
  (84,1,53,'2016-04-26 11:10:06',1),
  (85,1,54,'2016-04-26 11:10:06',"9580"),
  (86,1,55,'2016-04-26 11:10:06',1),
  (87,1,56,'2016-04-26 11:10:06',1),
  (88,2,57,'2016-04-26 11:10:06',"9580"),
  (89,2,58,'2016-04-26 11:10:06',1),
  (90,2,59,'2016-04-26 11:10:06',"9580"),
  (91,2,60,'2016-04-26 11:10:06',"9580"),
  (92,2,41,'2016-04-26 11:10:06',"9580"),
  (93,2,42,'2016-04-26 11:10:06',1),
  (94,2,43,'2016-04-26 11:10:06',1),
  (95,2,44,'2016-04-26 11:10:06',1),
  (96,2,45,'2016-04-26 11:10:06',1),
  (97,2,46,'2016-04-26 11:10:06',1),
  (98,2,47,'2016-04-26 11:10:06',1),
  (100,2,48,'2016-04-26 11:10:06',"9580"),
  (101,2,49,'2016-04-26 11:10:06',1),
  (102,2,50,'2016-04-26 11:10:06',"9580"),
  (103,2,51,'2016-04-26 11:10:06',"9580"),
  (477,3,46,'2016-04-26 11:10:06',1),
  (478,3,47,'2016-04-26 11:10:06',1),
  (479,3,48,'2016-04-26 11:10:06',1),
  (480,3,49,'2016-04-26 11:10:06',"9580"),
  (481,3,50,'2016-04-26 11:10:06',"9580"),
  (482,3,51,'2016-04-26 11:10:06',"9580"),
  (483,3,52,'2016-04-26 11:10:06',1),
  (484,3,53,'2016-04-26 11:10:06',1),
  (485,3,54,'2016-04-26 11:10:06',1),
  (486,3,55,'2016-04-26 11:10:06',1),
  (487,3,56,'2016-04-26 11:10:06',1),
  (497,4,46,'2016-04-26 11:10:06',"9580"),
  (498,4,47,'2016-04-26 11:10:06',"9580"),
  (4100,4,48,'2016-04-26 11:10:06',"9580"),
  (4101,4,49,'2016-04-26 11:10:06',1),
  (4102,4,50,'2016-04-26 11:10:06',1),
  (4103,4,51,'2016-04-26 11:10:06',1),
  (583,4,52,'2016-04-26 11:10:06',1),
  (584,4,53,'2016-04-26 11:10:06',1);


insert  into `timetable`(`id`,`student_id`,`lesson_id`,`created_at`, `lecturer_id`) values 
  (632,'22222222B',61,'2016-04-26 11:10:06',2),
  (633,'22222222B',62,'2016-04-26 11:10:06',2),
  (634,'22222222B',63,'2016-04-26 11:10:06',2),
  (635,'22222222B',64,'2016-04-26 11:10:06',2),
  (636,'22222222B',65,'2016-04-26 11:10:06',2),
  (637,'22222222B',66,'2016-04-26 11:10:06',2),
  (638,'22222222B',67,'2016-04-26 11:10:06',2),
  (639,'22222222B',68,'2016-04-26 11:10:06',2),
  (640,'22222222B',69,'2016-04-26 11:10:06',2),
  (641,'22222222B',3110,'2016-04-26 11:10:06',2),
  (642,'22222222B',3111,'2016-04-26 11:10:06',2),
  (643,'22222222B',3112,'2016-04-26 11:10:06',2),
  (644,'22222222B',3113,'2016-04-26 11:10:06',2),
  (645,'22222222B',3114,'2016-04-26 11:10:06',2),
  (646,'22222222B',3115,'2016-04-26 11:10:06',2),
  (647,'22222222B',3116,'2016-04-26 11:10:06',2),
  (1137,'33333333B',66,'2016-04-26 11:10:06',2),
  (1138,'33333333B',67,'2016-04-26 11:10:06',2),
  (1139,'33333333B',68,'2016-04-26 11:10:06',2),
  (1140,'33333333B',69,'2016-04-26 11:10:06',2),
  (1141,'33333333B',3110,'2016-04-26 11:10:06',2),
  (1142,'33333333B',3111,'2016-04-26 11:10:06',2),
  (1143,'33333333B',3112,'2016-04-26 11:10:06',2),
  (1144,'33333333B',3113,'2016-04-26 11:10:06',2),
  (1145,'33333333B',3114,'2016-04-26 11:10:06',2),
  (1146,'33333333B',3115,'2016-04-26 11:10:06',2),
  (1147,'33333333B',3116,'2016-04-26 11:10:06',2),
  (1148,'33333333B',3117,'2016-04-26 11:10:06',2),
  (1149,'33333333B',3118,'2016-04-26 11:10:06',2),
  (1150,'33333333B',3119,'2016-04-26 11:10:06',2),
  (1151,'33333333B',3120,'2016-04-26 11:10:06',2),
  (1152,'33333333B',3121,'2016-04-26 11:10:06',2),
  (1153,'33333333B',3122,'2016-04-26 11:10:06',2),
  (1154,'33333333B',3123,'2016-04-26 11:10:06',2),
  (1243,'44444444B',3112,'2016-04-26 11:10:06',2),
  (1244,'44444444B',3113,'2016-04-26 11:10:06',2),
  (1245,'44444444B',3114,'2016-04-26 11:10:06',2),
  (1246,'44444444B',3115,'2016-04-26 11:10:06',2),
  (1247,'44444444B',3116,'2016-04-26 11:10:06',2),
  (1248,'44444444B',3117,'2016-04-26 11:10:06',2),
  (1249,'44444444B',3118,'2016-04-26 11:10:06',2),
  (1250,'44444444B',3119,'2016-04-26 11:10:06',2),
  (1251,'44444444B',3120,'2016-04-26 11:10:06',2),
  (1252,'44444444B',3121,'2016-04-26 11:10:06',2),
  (1253,'44444444B',3122,'2016-04-26 11:10:06',2),
  (1254,'44444444B',3123,'2016-04-26 11:10:06',2),
  (1255,'44444444B',3124,'2016-04-26 11:10:06',2),
  (1256,'44444444B',3125,'2016-04-26 11:10:06',2),
  (1257,'44444444B',3126,'2016-04-26 11:10:06',2),
  (1258,'44444444B',3127,'2016-04-26 11:10:06',2),
  (1259,'44444444B',3128,'2016-04-26 11:10:06',2),
  (1260,'44444444B',3129,'2016-04-26 11:10:06',2),
  (1261,'44444444B',3130,'2016-04-26 11:10:06',2),
  (1262,'44444444B',3131,'2016-04-26 11:10:06',2),
  (1337,'44444444B',66,'2016-04-26 11:10:06',2),
  (1338,'44444444B',67,'2016-04-26 11:10:06',2),
  (1339,'44444444B',68,'2016-04-26 11:10:06',2);




INSERT INTO `timetable` (`id`,`student_id`,`lesson_id`,`lecturer_id`) VALUES
  ("5000", "10116701H", "130", "2279"),
  ("5001", "10118126A", "120", "11035"),
  ("5002", "10126752J", "109", "1887"),
  ("5003", "10135247D", "133", "2092"),
  ("5004", "10136194K", "121", "2156"),
  ("5005", "10136844B", "123", "2102"),
  ("5006", "10137519D", "133", "2092"),
  ("5007", "10141827E", "131", "2036"),
  ("5008", "10141864K", "130", "2279"),
  ("5009", "10141945D", "115", "807"),
  ("5010", "10143315G", "131", "2036"),
  ("5011", "10148651A", "122", "2102"),
  ("5012", "10148844G", "125", "1668"),
  ("5013", "10148945G", "115", "807"),
  ("5014", "10149355C", "100", "4225"),
  ("5015", "10150256G", "113", "3896"),
  ("5016", "10150865G", "131", "2036"),
  ("5017", "10150927D", "134", "1769"),
  ("5018", "10150932B", "124", "902"),
  ("5019", "10151057C", "134", "1769"),
  ("5020", "10151309J", "126", "2279"),
  ("5021", "10151546F", "128", "848"),
  ("5022", "10151583A", "118", "3896"),
  ("5023", "10151623D", "104", "2257"),
  ("5024", "10151818H", "112", "887"),
  ("5025", "10151870D", "118", "3896"),
  ("5026", "10151886A", "100", "4225"),
  ("5027", "10152135J", "107", "2247"),
  ("5028", "10152212G", "129", "1734"),
  ("5029", "10155399B", "126", "2279"),
  ("5030", "10155986H", "106", "584"),
  ("5031", "10156659B", "126", "2279"),
  ("5032", "10160096D", "133", "2092"),
  ("5033", "10160154E", "123", "2102"),
  ("5034", "10160170E", "124", "902"),
  ("5035", "10160191K", "123", "2102"),
  ("5036", "10160198C", "114", "7521"),
  ("5037", "10160206J", "129", "1734"),
  ("5038", "10160210H", "120", "11035"),
  ("5039", "10160216B", "125", "1668"),
  ("5040", "10160217A", "129", "1734"),
  ("5041", "10160221K", "114", "7521"),
  ("5042", "10160230D", "122", "2102"),
  ("5043", "10160238F", "122", "2102"),
  ("5044", "10160257C", "120", "11035"),
  ("5045", "10160269D", "118", "3896"),
  ("5046", "10160273C", "125", "1668"),
  ("5047", "10160280J", "130", "2279"),
  ("5048", "10160287B", "120", "11035"),
  ("5049", "10160296F", "124", "902"),
  ("5050", "10160308H", "114", "7521"),
  ("5051", "10160311H", "122", "2102"),
  ("5052", "10160313F", "123", "2102"),
  ("5053", "10160318A", "120", "11035"),
  ("5054", "10160334A", "117", "2156"),
  ("5055", "10160337H", "124", "902"),
  ("5056", "10160343E", "129", "1734"),
  ("5057", "10160433C", "101", "4225"),
  ("5058", "10160457E", "102", "495"),
  ("5059", "10160501G", "107", "2247"),
  ("5060", "10161272C", "128", "848"),
  ("5061", "10161811B", "102", "495"),
  ("5062", "10161897K", "103", "584"),
  ("5063", "10162166D", "112", "887"),
  ("5064", "10162597F", "110", "2222"),
  ("5065", "10162607K", "111", "2257"),
  ("5066", "10162610K", "125", "1668"),
  ("5067", "10162732E", "120", "11035"),
  ("5068", "10163279D", "130", "2279"),
  ("5069", "10163293F", "132", "2036"),
  ("5070", "10163296C", "117", "2156"),
  ("5071", "10163299K", "118", "3896"),
  ("5072", "10163305H", "113", "3896"),
  ("5073", "10163310F", "120", "11035"),
  ("5074", "10163313C", "118", "3896"),
  ("5075", "10163315A", "124", "902"),
  ("5076", "10163346J", "115", "807"),
  ("5077", "10163348G", "117", "2156"),
  ("5078", "10163356B", "120", "11035"),
  ("5079", "10163371C", "132", "2036"),
  ("5080", "10163395E", "115", "807"),
  ("5081", "10163418J", "127", "1734"),
  ("5082", "10163435H", "114", "7521"),
  ("5083", "10163450J", "113", "3896"),
  ("5084", "10163487A", "133", "2092"),
  ("5085", "10163508G", "123", "2102"),
  ("5086", "10163512F", "113", "3896"),
  ("5087", "10163565H", "121", "2156"),
  ("5088", "10163567F", "133", "2092"),
  ("5089", "10163569D", "115", "807"),
  ("5090", "10163575A", "118", "3896"),
  ("5091", "10163580J", "132", "2036"),
  ("5092", "10163581H", "121", "2156"),
  ("5093", "10163587B", "123", "2102"),
  ("5094", "10163603C", "115", "807"),
  ("5095", "10163606K", "121", "2156"),
  ("5096", "10163615D", "119", "7521"),
  ("5097", "10163624H", "115", "807"),
  ("5098", "10163659B", "115", "807"),
  ("5099", "10163685E", "123", "2102"),
  ("5100", "10163686D", "117", "2156"),
  ("5101", "10163741H", "114", "7521"),
  ("5102", "10163757E", "131", "2036"),
  ("5103", "10163780A", "125", "1668"),
  ("5104", "10163822B", "115", "807"),
  ("5105", "10163823A", "114", "7521"),
  ("5106", "10163849A", "114", "7521"),
  ("5107", "10163866K", "118", "3896"),
  ("5108", "10163881A", "115", "807"),
  ("5109", "10163884H", "116", "807"),
  ("5110", "10163886F", "113", "3896"),
  ("5111", "10163924A", "118", "3896"),
  ("5112", "10163945F", "126", "2279"),
  ("5113", "10163947D", "115", "807"),
  ("5114", "10163951C", "118", "3896"),
  ("5115", "10163973G", "114", "7521"),
  ("5116", "10163994B", "129", "1734"),
  ("5117", "10164017E", "127", "1734"),
  ("5118", "10164041K", "120", "11035"),
  ("5119", "10164061F", "117", "2156"),
  ("5120", "10164063D", "123", "2102"),
  ("5121", "10164073G", "116", "807"),
  ("5122", "10164076D", "133", "2092"),
  ("5123", "10164081B", "130", "2279"),
  ("5124", "10164083K", "129", "1734"),
  ("5125", "10164084J", "127", "1734"),
  ("5126", "10164090F", "125", "1668"),
  ("5127", "10164099G", "132", "2036"),
  ("5128", "10164123C", "122", "2102"),
  ("5129", "10164128H", "129", "1734"),
  ("5130", "10164142K", "115", "807"),
  ("5131", "10164149C", "117", "2156"),
  ("5132", "10164160H", "116", "807"),
  ("5133", "10164164D", "124", "902"),
  ("5134", "10164174G", "123", "2102"),
  ("5135", "10164182B", "131", "2036"),
  ("5136", "10164184K", "116", "807"),
  ("5137", "10164209B", "116", "807"),
  ("5138", "10164218F", "123", "2102"),
  ("5139", "10164222E", "113", "3896"),
  ("5140", "10164235E", "122", "2102"),
  ("5141", "10164239A", "120", "11035"),
  ("5142", "10164250F", "124", "902"),
  ("5143", "10164261H", "118", "3896"),
  ("5144", "10164273J", "123", "2102"),
  ("5145", "10164312C", "119", "7521"),
  ("5146", "10164317H", "122", "2102"),
  ("5147", "10164325C", "115", "807"),
  ("5148", "10164327A", "117", "2156"),
  ("5149", "10164329J", "119", "7521"),
  ("5150", "10164361J", "118", "3896"),
  ("5151", "10164372A", "117", "2156"),
  ("5152", "10164376G", "113", "3896"),
  ("5153", "10164379D", "109", "1887"),
  ("5154", "10164420J", "121", "2156"),
  ("5155", "10164449F", "124", "902"),
  ("5156", "10164474K", "118", "3896"),
  ("5157", "10164489H", "116", "807"),
  ("5158", "10164518J", "108", "887"),
  ("5159", "10164535H", "103", "584"),
  ("5160", "10164590A", "115", "807"),
  ("5161", "10164617A", "134", "1769"),
  ("5162", "10164630D", "118", "3896"),
  ("5163", "10164632B", "117", "2156"),
  ("5164", "10164634K", "131", "2036"),
  ("5165", "10164641F", "119", "7521"),
  ("5166", "10164647K", "130", "2279"),
  ("5167", "10164660C", "123", "2102"),
  ("5168", "10164662A", "119", "7521"),
  ("5169", "10164663K", "119", "7521"),
  ("5170", "10164720B", "134", "1769"),
  ("5171", "10164743E", "116", "807"),
  ("5172", "10164759B", "118", "3896"),
  ("5173", "10164813G", "125", "1668"),
  ("5174", "10164817C", "124", "902"),
  ("5175", "10164832D", "122", "2102"),
  ("5176", "10164842G", "113", "3896"),
  ("5177", "10164853J", "114", "7521"),
  ("5178", "10164868G", "131", "2036"),
  ("5179", "10164873E", "119", "7521"),
  ("5180", "10164899E", "128", "848"),
  ("5181", "10164912J", "129", "1734"),
  ("5182", "10164916E", "118", "3896"),
  ("5183", "10164931F", "121", "2156"),
  ("5184", "10164963C", "131", "2036"),
  ("5185", "10164972G", "126", "2279"),
  ("5186", "10165007A", "132", "2036"),
  ("5187", "10165015F", "116", "807"),
  ("5188", "10165024K", "117", "2156"),
  ("5189", "10165028F", "113", "3896"),
  ("5190", "10165044F", "122", "2102"),
  ("5191", "10165054J", "123", "2102"),
  ("5192", "10165095K", "119", "7521"),
  ("5193", "10165108A", "117", "2156"),
  ("5194", "10165143H", "114", "7521"),
  ("5195", "10165145F", "113", "3896"),
  ("5196", "10165196K", "118", "3896"),
  ("5197", "10165214J", "119", "7521"),
  ("5198", "10165236C", "119", "7521"),
  ("5199", "10165239K", "131", "2036"),
  ("5200", "10165245G", "119", "7521"),
  ("5201", "10165266B", "133", "2092"),
  ("5202", "10165273H", "122", "2102"),
  ("5203", "10165276E", "115", "807"),
  ("5204", "10165279B", "118", "3896"),
  ("5205", "10165287G", "130", "2279"),
  ("5206", "10165293D", "129", "1734"),
  ("5207", "10165299H", "117", "2156"),
  ("5208", "10165300A", "128", "848"),
  ("5209", "10165310D", "130", "2279"),
  ("5210", "10165330K", "116", "807"),
  ("5211", "10165355A", "119", "7521"),
  ("5212", "10165366C", "130", "2279"),
  ("5213", "10165385K", "133", "2092"),
  ("5214", "10165421G", "122", "2102"),
  ("5215", "10165434G", "124", "902"),
  ("5216", "10165502A", "114", "7521"),
  ("5217", "10165528A", "123", "2102"),
  ("5218", "10165530B", "124", "902"),
  ("5219", "10165532K", "129", "1734"),
  ("5220", "10165543B", "121", "2156"),
  ("5221", "10165557A", "118", "3896"),
  ("5222", "10165565F", "117", "2156"),
  ("5223", "10165575J", "121", "2156"),
  ("5224", "10165589H", "119", "7521"),
  ("5225", "10165614C", "113", "3896"),
  ("5226", "10165651H", "119", "7521"),
  ("5227", "10165654E", "116", "807"),
  ("5228", "10165655D", "125", "1668"),
  ("5229", "10165660B", "114", "7521"),
  ("5230", "10165669C", "118", "3896"),
  ("5231", "10165671D", "116", "807"),
  ("5232", "10165705K", "119", "7521"),
  ("5233", "10165735J", "113", "3896"),
  ("5234", "10165739E", "124", "902"),
  ("5235", "10165743D", "125", "1668"),
  ("5236", "10165755E", "113", "3896"),
  ("5237", "10165803C", "132", "2036"),
  ("5238", "10165805A", "117", "2156"),
  ("5239", "10165818A", "125", "1668"),
  ("5240", "10165819K", "115", "807"),
  ("5241", "10165823J", "125", "1668"),
  ("5242", "10165835K", "130", "2279"),
  ("5243", "10165844D", "113", "3896"),
  ("5244", "10165848K", "114", "7521"),
  ("5245", "10165871F", "119", "7521"),
  ("5246", "10165937J", "132", "2036"),
  ("5247", "10165938H", "122", "2102"),
  ("5248", "10165949K", "120", "11035"),
  ("5249", "10165954H", "134", "1769"),
  ("5250", "10165955G", "123", "2102"),
  ("5251", "10165967H", "129", "1734"),
  ("5252", "10165997G", "127", "1734"),
  ("5253", "10166013G", "117", "2156"),
  ("5254", "10166033C", "122", "2102"),
  ("5255", "10166037J", "113", "3896"),
  ("5256", "10166040J", "115", "807"),
  ("5257", "10166048A", "124", "902"),
  ("5258", "10166059C", "114", "7521"),
  ("5259", "10166062C", "131", "2036"),
  ("5260", "10166074D", "122", "2102"),
  ("5261", "10166106B", "128", "848"),
  ("5262", "10166117D", "119", "7521"),
  ("5263", "10166122B", "113", "3896"),
  ("5264", "10166133D", "120", "11035"),
  ("5265", "10166138J", "122", "2102"),
  ("5266", "10166165A", "121", "2156"),
  ("5267", "10166176C", "125", "1668"),
  ("5268", "10166195K", "130", "2279"),
  ("5269", "10166223B", "114", "7521"),
  ("5270", "10166224A", "116", "807"),
  ("5271", "10166225K", "133", "2092"),
  ("5272", "10166247D", "118", "3896"),
  ("5273", "10166249B", "113", "3896"),
  ("5274", "10166258F", "133", "2092"),
  ("5275", "10166263D", "126", "2279"),
  ("5276", "10166270K", "122", "2102"),
  ("5277", "10166283K", "131", "2036"),
  ("5278", "10166343J", "124", "902"),
  ("5279", "10166350E", "114", "7521"),
  ("5280", "10166353B", "127", "1734"),
  ("5281", "10166369J", "113", "3896"),
  ("5282", "10166371K", "123", "2102"),
  ("5283", "10166376E", "116", "807"),
  ("5284", "10166381C", "121", "2156"),
  ("5285", "10166414K", "114", "7521"),
  ("5286", "10166420G", "120", "11035"),
  ("5287", "10166558J", "115", "807"),
  ("5288", "10166563G", "121", "2156"),
  ("5289", "10166571B", "119", "7521"),
  ("5290", "10166633J", "121", "2156"),
  ("5291", "10166638D", "115", "807"),
  ("5292", "10166655C", "124", "902"),
  ("5293", "10166664G", "116", "807"),
  ("5294", "10166677G", "131", "2036"),
  ("5295", "10166688J", "129", "1734"),
  ("5296", "10166693G", "119", "7521"),
  ("5297", "10166696D", "115", "807"),
  ("5298", "10166702B", "122", "2102"),
  ("5299", "10166712E", "134", "1769"),
  ("5300", "10166750J", "116", "807"),
  ("5301", "10166753F", "122", "2102"),
  ("5302", "10166769C", "121", "2156"),
  ("5303", "10166771D", "132", "2036"),
  ("5304", "10166814D", "108", "887"),
  ("5305", "10166817A", "104", "2257"),
  ("5306", "10166842E", "101", "4225"),
  ("5307", "10166852H", "103", "584"),
  ("5308", "10166907J", "101", "4225"),
  ("5309", "10166910J", "105", "2286"),
  ("5310", "10166919K", "103", "584"),
  ("5311", "10166928D", "101", "4225"),
  ("5312", "10166932C", "105", "2286"),
  ("5313", "10166935K", "104", "2257"),
  ("5314", "10166936J", "102", "495"),
  ("5315", "10166956E", "101", "4225"),
  ("5316", "10166958C", "106", "584"),
  ("5317", "10167213H", "126", "2279"),
  ("5318", "10167217D", "127", "1734"),
  ("5319", "10167219B", "116", "807"),
  ("5320", "10167224K", "125", "1668"),
  ("5321", "10167227G", "133", "2092"),
  ("5322", "10167228F", "129", "1734"),
  ("5323", "10167232E", "110", "2222"),
  ("5324", "10167237K", "128", "848"),
  ("5325", "10167242H", "128", "848"),
  ("5326", "10167244F", "126", "2279"),
  ("5327", "10167249A", "134", "1769"),
  ("5328", "10167251B", "120", "11035"),
  ("5329", "10167255H", "123", "2102"),
  ("5330", "10167257F", "127", "1734"),
  ("5331", "10167259D", "128", "848"),
  ("5332", "10167260F", "130", "2279"),
  ("5333", "10167262D", "132", "2036"),
  ("5334", "10167265A", "131", "2036"),
  ("5335", "10167267J", "130", "2279"),
  ("5336", "10167268H", "128", "848"),
  ("5337", "10167269G", "125", "1668"),
  ("5338", "10167271H", "128", "848"),
  ("5339", "10167273F", "129", "1734"),
  ("5340", "10167275D", "134", "1769"),
  ("5341", "10167278A", "126", "2279"),
  ("5342", "10167282K", "125", "1668"),
  ("5343", "10167286F", "115", "807"),
  ("5344", "10167293B", "125", "1668"),
  ("5345", "10167294A", "125", "1668"),
  ("5346", "10167295K", "127", "1734"),
  ("5347", "10167299F", "127", "1734"),
  ("5348", "10167301H", "116", "807"),
  ("5349", "10167304E", "134", "1769"),
  ("5350", "10167305D", "126", "2279"),
  ("5351", "10167306C", "127", "1734"),
  ("5352", "10167309K", "126", "2279"),
  ("5353", "10167321D", "133", "2092"),
  ("5354", "10167331G", "127", "1734"),
  ("5355", "10167332F", "125", "1668"),
  ("5356", "10167385H", "126", "2279"),
  ("5357", "10167397J", "128", "848"),
  ("5358", "10167407C", "115", "807"),
  ("5359", "10167416G", "129", "1734"),
  ("5360", "10167419D", "113", "3896"),
  ("5361", "10167426K", "127", "1734"),
  ("5362", "10167465C", "131", "2036"),
  ("5363", "10167561H", "114", "7521"),
  ("5364", "10167700C", "113", "3896"),
  ("5365", "10167731A", "116", "807"),
  ("5366", "10167770D", "116", "807"),
  ("5367", "10167948J", "126", "2279"),
  ("5368", "10167959A", "121", "2156"),
  ("5369", "10167968E", "126", "2279"),
  ("5370", "10167976K", "133", "2092"),
  ("5371", "10167978H", "120", "11035"),
  ("5372", "10167983F", "132", "2036"),
  ("5373", "10167992K", "134", "1769"),
  ("5374", "10168005K", "134", "1769"),
  ("5375", "10168012F", "121", "2156"),
  ("5376", "10168039E", "128", "848"),
  ("5377", "10168052H", "131", "2036"),
  ("5378", "10168061B", "130", "2279"),
  ("5379", "10168066G", "132", "2036"),
  ("5380", "10168072D", "132", "2036"),
  ("5381", "10168082G", "126", "2279"),
  ("5382", "10168091A", "120", "11035"),
  ("5383", "10168097E", "125", "1668"),
  ("5384", "10168100F", "133", "2092"),
  ("5385", "10168105A", "134", "1769"),
  ("5386", "10168106K", "133", "2092"),
  ("5387", "10168125G", "126", "2279"),
  ("5388", "10168130E", "130", "2279"),
  ("5389", "10168143E", "121", "2156"),
  ("5390", "10168149J", "131", "2036"),
  ("5391", "10168155F", "134", "1769"),
  ("5392", "10168175B", "121", "2156"),
  ("5393", "10168184F", "120", "11035"),
  ("5394", "10168197F", "125", "1668"),
  ("5395", "10168206A", "124", "902"),
  ("5396", "10168233C", "130", "2279"),
  ("5397", "10168272F", "121", "2156"),
  ("5398", "10168281K", "126", "2279"),
  ("5399", "10168282J", "128", "848"),
  ("5400", "10168283H", "130", "2279"),
  ("5401", "10168285F", "127", "1734"),
  ("5402", "10168286E", "133", "2092"),
  ("5403", "10168287D", "120", "11035"),
  ("5404", "10168288C", "125", "1668"),
  ("5405", "10168290D", "134", "1769"),
  ("5406", "10168297G", "128", "848"),
  ("5407", "10168305C", "132", "2036"),
  ("5408", "10168308K", "130", "2279"),
  ("5409", "10168320D", "134", "1769"),
  ("5410", "10168322B", "127", "1734"),
  ("5411", "10168323A", "121", "2156"),
  ("5412", "10168324K", "133", "2092"),
  ("5413", "10168355H", "131", "2036"),
  ("5414", "10168361E", "130", "2279"),
  ("5415", "10168381A", "126", "2279"),
  ("5416", "10168392C", "127", "1734"),
  ("5417", "10168407B", "125", "1668"),
  ("5418", "10168420E", "132", "2036"),
  ("5419", "10168472H", "117", "2156"),
  ("5420", "10168488E", "125", "1668"),
  ("5421", "10168716J", "102", "495"),
  ("5422", "10169660H", "109", "1887"),
  ("5423", "10169947H", "112", "887"),
  ("5424", "10170606K", "106", "584"),
  ("5425", "10170632C", "108", "887"),
  ("5426", "10170640H", "104", "2257"),
  ("5427", "10170717C", "103", "584"),
  ("5428", "10170719A", "103", "584"),
  ("5429", "10170721B", "102", "495"),
  ("5430", "10170736K", "102", "495"),
  ("5431", "10170761D", "108", "887"),
  ("5432", "10170774D", "107", "2247"),
  ("5433", "10170801G", "102", "495"),
  ("5434", "10170814G", "103", "584"),
  ("5435", "10170890E", "104", "2257"),
  ("5436", "10170930H", "105", "2286"),
  ("5437", "10170973G", "106", "584"),
  ("5438", "10170998H", "105", "2286"),
  ("5439", "10171041K", "101", "4225"),
  ("5440", "10171063D", "104", "2257"),
  ("5441", "10171070K", "103", "584"),
  ("5442", "10171072H", "105", "2286"),
  ("5443", "10171094B", "105", "2286"),
  ("5444", "10171120F", "102", "495"),
  ("5445", "10171128H", "103", "584"),
  ("5446", "10171200A", "100", "4225"),
  ("5447", "10171205F", "107", "2247"),
  ("5448", "10171223D", "104", "2257"),
  ("5449", "10171232H", "103", "584"),
  ("5450", "10171233G", "106", "584"),
  ("5451", "10171238B", "100", "4225"),
  ("5452", "10171274H", "107", "2247"),
  ("5453", "10171285K", "104", "2257"),
  ("5454", "10171304H", "104", "2257"),
  ("5455", "10171307E", "106", "584"),
  ("5456", "10171316J", "106", "584"),
  ("5457", "10171344K", "105", "2286"),
  ("5458", "10171377F", "101", "4225"),
  ("5459", "10171393F", "104", "2257"),
  ("5460", "10171394E", "100", "4225"),
  ("5461", "10171454D", "101", "4225"),
  ("5462", "10171484C", "100", "4225"),
  ("5463", "10171510G", "105", "2286"),
  ("5464", "10171523G", "102", "495"),
  ("5465", "10171528B", "107", "2247"),
  ("5466", "10171561A", "107", "2247"),
  ("5467", "10171565G", "104", "2257"),
  ("5468", "10171566F", "112", "887"),
  ("5469", "10171585C", "104", "2257"),
  ("5470", "10171588K", "105", "2286"),
  ("5471", "10171619J", "102", "495"),
  ("5472", "10171636H", "106", "584"),
  ("5473", "10171656D", "100", "4225"),
  ("5474", "10171662A", "105", "2286"),
  ("5475", "10171667F", "103", "584"),
  ("5476", "10171676K", "104", "2257"),
  ("5477", "10171677J", "101", "4225"),
  ("5478", "10171701E", "106", "584"),
  ("5479", "10171726F", "106", "584"),
  ("5480", "10171755F", "106", "584"),
  ("5481", "10171761C", "108", "887"),
  ("5482", "10171788B", "104", "2257"),
  ("5483", "10171837J", "105", "2286"),
  ("5484", "10171840J", "104", "2257"),
  ("5485", "10171841H", "103", "584"),
  ("5486", "10171868G", "100", "4225"),
  ("5487", "10171915F", "112", "887"),
  ("5488", "10171955H", "103", "584"),
  ("5489", "10171960F", "105", "2286"),
  ("5490", "10171968H", "101", "4225"),
  ("5491", "10171977B", "106", "584"),
  ("5492", "10172032E", "108", "887"),
  ("5493", "10172069G", "106", "584"),
  ("5494", "10172125K", "101", "4225"),
  ("5495", "10172188E", "112", "887"),
  ("5496", "10172264D", "105", "2286"),
  ("5497", "10172278C", "103", "584"),
  ("5498", "10172328J", "107", "2247"),
  ("5499", "10172339A", "108", "887"),
  ("5500", "10172349D", "105", "2286"),
  ("5501", "10172355A", "104", "2257"),
  ("5502", "10172356K", "108", "887"),
  ("5503", "10172370B", "108", "887"),
  ("5504", "10172378D", "108", "887"),
  ("5505", "10172411D", "107", "2247"),
  ("5506", "10172420H", "106", "584"),
  ("5507", "10172435F", "106", "584"),
  ("5508", "10172542C", "106", "584"),
  ("5509", "10172544A", "100", "4225"),
  ("5510", "10172565F", "107", "2247"),
  ("5511", "10172573A", "106", "584"),
  ("5512", "10172575J", "107", "2247"),
  ("5513", "10172590K", "107", "2247"),
  ("5514", "10172591J", "101", "4225"),
  ("5515", "10172608F", "105", "2286"),
  ("5516", "10172623G", "104", "2257"),
  ("5517", "10172631B", "108", "887"),
  ("5518", "10172632A", "101", "4225"),
  ("5519", "10172648H", "100", "4225"),
  ("5520", "10172683E", "107", "2247"),
  ("5521", "10172721K", "102", "495"),
  ("5522", "10172725F", "103", "584"),
  ("5523", "10172763K", "102", "495"),
  ("5524", "10172780J", "106", "584"),
  ("5525", "10172799C", "112", "887"),
  ("5526", "10172812G", "108", "887"),
  ("5527", "10172818A", "100", "4225"),
  ("5528", "10172822K", "105", "2286"),
  ("5529", "10172842F", "102", "495"),
  ("5530", "10172843E", "101", "4225"),
  ("5531", "10172845C", "106", "584"),
  ("5532", "10172857D", "105", "2286"),
  ("5533", "10172859B", "107", "2247"),
  ("5534", "10172930F", "100", "4225"),
  ("5535", "10172960E", "101", "4225"),
  ("5536", "10173014F", "107", "2247"),
  ("5537", "10173109J", "107", "2247"),
  ("5538", "10173117D", "106", "584"),
  ("5539", "10173125J", "100", "4225"),
  ("5540", "10173179K", "104", "2257"),
  ("5541", "10173191D", "108", "887"),
  ("5542", "10173195K", "100", "4225"),
  ("5543", "10173204E", "101", "4225"),
  ("5544", "10173290F", "103", "584"),
  ("5545", "10173298H", "102", "495"),
  ("5546", "10173300K", "106", "584"),
  ("5547", "10173317F", "108", "887"),
  ("5548", "10173319D", "106", "584"),
  ("5549", "10173362F", "103", "584"),
  ("5550", "10173389E", "108", "887"),
  ("5551", "10173476F", "102", "495"),
  ("5552", "10173531K", "103", "584"),
  ("5553", "10173552E", "112", "887"),
  ("5554", "10173733K", "108", "887"),
  ("5555", "10173849H", "104", "2257"),
  ("5556", "10173936J", "108", "887"),
  ("5557", "10173953H", "112", "887"),
  ("5558", "10173964K", "105", "2286"),
  ("5559", "10173975B", "105", "2286"),
  ("5560", "10174000F", "103", "584"),
  ("5561", "10174011H", "100", "4225"),
  ("5562", "10174379A", "112", "887"),
  ("5563", "10174635F", "102", "495"),
  ("5564", "10174636E", "107", "2247"),
  ("5565", "10174638C", "112", "887"),
  ("5566", "10174641C", "107", "2247"),
  ("5567", "10174643A", "102", "495"),
  ("5568", "10174650G", "112", "887"),
  ("5569", "10174651F", "112", "887"),
  ("5570", "10174653D", "108", "887"),
  ("5571", "10174656A", "112", "887"),
  ("5572", "10174660K", "112", "887"),
  ("5573", "10174661J", "108", "887"),
  ("5574", "10174665E", "112", "887"),
  ("5575", "10174669A", "112", "887"),
  ("5576", "10174670C", "112", "887"),
  ("5577", "10174671B", "112", "887"),
  ("5578", "10174672A", "107", "2247"),
  ("5579", "10174678E", "108", "887"),
  ("5580", "10174679D", "105", "2286"),
  ("5581", "10174680F", "107", "2247"),
  ("5582", "10174867E", "103", "584"),
  ("5583", "10174875K", "103", "584"),
  ("5584", "10174879F", "105", "2286"),
  ("5585", "10174882F", "112", "887"),
  ("5586", "10175334C", "110", "2222"),
  ("5587", "10175368H", "111", "2257"),
  ("5588", "10175369G", "111", "2257"),
  ("5589", "10175374E", "110", "2222"),
  ("5590", "10175398G", "109", "1887"),
  ("5591", "10175402G", "111", "2257"),
  ("5592", "10175417E", "110", "2222"),
  ("5593", "10175435C", "111", "2257"),
  ("5594", "10175459E", "110", "2222"),
  ("5595", "10175467K", "110", "2222"),
  ("5596", "10175468J", "109", "1887"),
  ("5597", "10175471J", "109", "1887"),
  ("5598", "10175476D", "111", "2257"),
  ("5599", "10175497J", "109", "1887"),
  ("5600", "10175500K", "105", "2286"),
  ("5601", "10175507C", "110", "2222"),
  ("5602", "10175520F", "111", "2257"),
  ("5603", "10175524B", "110", "2222"),
  ("5604", "10175533F", "110", "2222"),
  ("5605", "10175543J", "110", "2222"),
  ("5606", "10175546F", "111", "2257"),
  ("5607", "10175556J", "109", "1887"),
  ("5608", "10175575F", "111", "2257"),
  ("5609", "10175578C", "111", "2257"),
  ("5610", "10175599H", "111", "2257"),
  ("5611", "10175624C", "109", "1887"),
  ("5612", "10175627K", "112", "887"),
  ("5613", "10175644J", "110", "2222"),
  ("5614", "10175646G", "106", "584"),
  ("5615", "10175654B", "109", "1887"),
  ("5616", "10175659G", "110", "2222"),
  ("5617", "10175666C", "109", "1887"),
  ("5618", "10175678D", "111", "2257"),
  ("5619", "10175686J", "110", "2222"),
  ("5620", "10175687H", "111", "2257"),
  ("5621", "10175688G", "111", "2257"),
  ("5622", "10175749E", "111", "2257"),
  ("5623", "10175753D", "110", "2222"),
  ("5624", "10175767C", "110", "2222"),
  ("5625", "10175770C", "110", "2222"),
  ("5626", "10175776G", "109", "1887"),
  ("5627", "10175803K", "111", "2257"),
  ("5628", "10175817J", "110", "2222"),
  ("5629", "10175838D", "109", "1887"),
  ("5630", "10175902B", "104", "2257"),
  ("5631", "10175926D", "111", "2257"),
  ("5632", "10175928B", "109", "1887"),
  ("5633", "10175938E", "109", "1887"),
  ("5634", "10175940F", "111", "2257");



/*Table structure for table `user_token` */

DROP TABLE IF EXISTS `user_token`;

CREATE TABLE `user_token` (
  `id` int(11) NOT NULL AUTO_INCREMENT,
  `user_id` int(11) NOT NULL,
  `token` varchar(255) NOT NULL,
  `title` varchar(255) NOT NULL,
  `ip_address` varchar(255) NOT NULL,
  `expire_date` datetime NOT NULL,
  `created_date` datetime NOT NULL,
  `updated_date` datetime NOT NULL,
  `action` smallint(6) NOT NULL,
  PRIMARY KEY (`id`),
  UNIQUE KEY `token` (`token`),
  CONSTRAINT `usertoken_ibfk_1` FOREIGN KEY (`user_id`) REFERENCES `user` (`id`) ON DELETE CASCADE ON UPDATE CASCADE
) ENGINE=InnoDB AUTO_INCREMENT=25 DEFAULT CHARSET=utf8;

/*Data for the table `user_token` */

-- insert  into `user_token`(`id`,`user_id`,`token`,`title`,`ip_address`,`expire_date`,`created_date`,`updated_date`,`action`) values 
--   (2,15,'uEjx4gdvgBZmJbxEZfqG8E6Qs1H6c6nu','ACTION_CHANGE_EMAIL','127.0.0.1','2015-12-14 13:28:25','2015-12-07 13:28:05','2015-12-07 13:28:25',3),
--   (4,15,'mHQk3giA-4jAl7NHHoeMWjXXyUC6Sf6e','ACTION_CHANGE_EMAIL','127.0.0.1','2015-12-14 18:04:33','2015-12-07 18:04:28','2015-12-07 18:04:33',3),
--   (5,23,'H_4Ismh6tcr0JgLSJNohXN703lXn1WKv','ACTION_ACTIVATE_ACCOUNT','127.0.0.1','2015-12-15 21:51:58','2015-12-08 21:51:58','2015-12-08 21:51:58',1),
--   (6,24,'NvuTHLloI-pOYjwuTHlzmQO5MIQl3T0N','ACTION_ACTIVATE_ACCOUNT','127.0.0.1','2015-12-15 21:53:50','2015-12-08 21:53:50','2015-12-08 21:53:50',1),
--   (7,23,'ZItZpQugkTc6Z9ne5_UN6kFNM6lIjY2o','ACTION_ACTIVATE_ACCOUNT','127.0.0.1','2015-12-18 19:13:30','2015-12-11 19:13:30','2015-12-11 19:13:30',1),
--   (8,18,'K3pnWmgdOMxo4Zx318vMKIeiq6Op9LXr','ACTION_RESET_PASSWORD','127.0.0.1','2016-04-02 19:10:36','2016-03-26 19:10:36','2016-03-26 19:10:36',2),
--   (9,20,'FskuVth7ZFef-du2ZaoNJe6i21flTwSV','ACTION_CHANGE_EMAIL','5.57.8.106','2016-04-23 08:41:00','2016-04-16 08:41:00','2016-04-16 08:41:00',3),
--   (10,20,'s5GCHQXtg_1weudrhbKExxh0erB-RbGs','ACTION_CHANGE_EMAIL','5.57.8.106','2016-04-23 08:43:16','2016-04-16 08:43:16','2016-04-16 08:43:16',3),
--   (11,21,'XgnnkvXAL6-ugI3QA__bB3_e9oSaHDj0','ACTION_CHANGE_EMAIL','5.57.8.106','2016-04-23 08:50:38','2016-04-16 08:50:38','2016-04-16 08:50:38',3),
--   (12,21,'85I2tLb-Xrx0cXER0Q8rdXdiaabe5y3Q','ACTION_CHANGE_EMAIL','5.57.8.106','2016-04-23 09:03:02','2016-04-16 09:03:02','2016-04-16 09:03:02',3),
--   (13,21,'hgNTlkhX8pxLn6dVrVw2ri5o73VgY_C-','ACTION_CHANGE_EMAIL','5.57.8.106','2016-04-23 09:04:46','2016-04-16 09:04:46','2016-04-16 09:04:46',3),
--   (14,21,'DmBc3C6DlXeiW7vu_czS23ndg6sTqgcL','ACTION_CHANGE_EMAIL','5.57.8.106','2016-04-23 09:05:29','2016-04-16 09:05:29','2016-04-16 09:05:29',3),
--   (15,21,'AdgD-Tyx_fedkZ0GT4UlR5lGDQMoCZBz','ACTION_CHANGE_EMAIL','5.57.8.106','2016-04-23 09:08:11','2016-04-16 09:07:59','2016-04-16 09:08:11',3),
--   (16,21,'uhrUFnYn0h4aoEWeilaWBO1rRlKADitz','ACTION_CHANGE_EMAIL','5.57.8.106','2016-04-23 09:09:45','2016-04-16 09:09:45','2016-04-16 09:09:45',3),
--   (17,30,'RG8CRBk38whuzxZi4jDPLnnrI9SbxAN6','ACTION_ACTIVATE_ACCOUNT','77.95.61.49','2016-04-26 04:40:34','2016-04-19 04:40:12','2016-04-19 04:40:34',1),
--   (18,35,'S6WCSc0RGlC6tBFoiAKF3nLZpcS2HKpa','ACTION_ACTIVATE_ACCOUNT','77.95.61.49','2016-04-26 05:07:31','2016-04-19 05:07:02','2016-04-19 05:07:31',1),
--   (21,40,'FYWbNT57SwigP2PtZ_BKBLRz0Z-mcn1N','ACTION_ACTIVATE_ACCOUNT','178.217.174.2','2016-04-27 07:47:43','2016-04-20 07:47:43','2016-04-20 07:47:43',1),
--   (22,42,'J5151vo8a5o4wVADvduHnU9KNcCn3kPy','ACTION_ACTIVATE_ACCOUNT','178.217.174.2','2016-04-27 09:33:27','2016-04-20 09:33:27','2016-04-20 09:33:27',1),
--   (23,51,'PTrvVM--hRCxPDOcQC1Dweqzg5qmUvmB','ACTION_ACTIVATE_ACCOUNT','94.143.199.47','2016-04-28 04:46:11','2016-04-21 04:46:11','2016-04-21 04:46:11',1),
--   (24,52,'fFTZnjgnZaWdulJYZ-un8JRX-yg-Q9_l','ACTION_ACTIVATE_ACCOUNT','94.143.199.47','2016-04-28 04:48:10','2016-04-21 04:47:29','2016-04-21 04:48:10',1);

/*Table structure for table `venue` */

DROP TABLE IF EXISTS `venue`;

CREATE TABLE `venue` (
  `id` int(10) unsigned NOT NULL AUTO_INCREMENT,
  `location` varchar(100) NOT NULL,
  `name` varchar(100) DEFAULT NULL,
  `created_at` timestamp NULL DEFAULT NULL,
  `updated_at` timestamp NULL DEFAULT CURRENT_TIMESTAMP ON UPDATE CURRENT_TIMESTAMP,
  PRIMARY KEY (`id`)
) ENGINE=InnoDB DEFAULT CHARSET=latin1;

/*Data for the table `venue` */

insert into `venue` (`id`, `location`, `name`) values
  (1, 'Room 06 - 01, Block 7', 'R&D Room'),
  (2, 'Room 06 - 02, Block 7', 'IoT Room'),
  (3, 'Room 06 - 03, Block 7', 'Research Room'),

  (11, 'Room 04 - 01', 'Test Room 1'),
  (12, 'Room 04 - 02', 'Test Room 2'),
  (13, 'Room 04 - 03', 'Test Room 3'),
  (14, 'Room 04 - 04', 'Test Room 4'),
  (15, 'Room 05 - 01', 'Test Room 5'),
  (16, 'Room 05 - 02', 'Test Room 6'),
  (17, 'Room 05 - 03', 'Test Room 7'),
  (18, 'Room 05 - 04', 'Test Room 8');

/*Table structure for table `beacon` */

DROP TABLE IF EXISTS `beacon`;

CREATE TABLE `beacon` (
  `id` int(10) unsigned NOT NULL AUTO_INCREMENT,
  `uuid` varchar(100) NOT NULL,
  `major` int(10) unsigned NOT NULL,
  `minor` int(10) unsigned NOT NULL,
  `user_id` int(11) DEFAULT NULL,
  `lesson_id` int(10) unsigned DEFAULT NULL,
  `created_at` timestamp NULL DEFAULT '0000-00-00 00:00:00',
  `updated_at` timestamp NULL DEFAULT CURRENT_TIMESTAMP ON UPDATE CURRENT_TIMESTAMP,
  PRIMARY KEY (`id`),
  UNIQUE KEY (`uuid`, `major`, `minor`),
  CONSTRAINT `beacon_ibfk_1` FOREIGN KEY (`user_id`) REFERENCES `user` (`id`) ON DELETE CASCADE ON UPDATE CASCADE,
  CONSTRAINT `beacon_ibfk_2` FOREIGN KEY (`lesson_id`) REFERENCES `lesson` (`id`) ON DELETE CASCADE ON UPDATE CASCADE
) ENGINE=InnoDB AUTO_INCREMENT=32 DEFAULT CHARSET=latin1;

/*Data for the table `beacon` */

/*Table structure for table `beacon_attendance` */

DROP TABLE IF EXISTS `beacon_attendance`;

CREATE TABLE `beacon_attendance` (
  `id` int(10) unsigned NOT NULL AUTO_INCREMENT,
  `user_id` int(11) DEFAULT NULL,
  `scanned_user_id` int(11) DEFAULT NULL,
  `created_at` timestamp NULL DEFAULT '0000-00-00 00:00:00',
  `updated_at` timestamp NULL DEFAULT CURRENT_TIMESTAMP ON UPDATE CURRENT_TIMESTAMP,
  PRIMARY KEY (`id`),
  CONSTRAINT `beacon_attendance_ibfk_1` FOREIGN KEY (`user_id`) REFERENCES `user` (`id`) ON DELETE CASCADE ON UPDATE CASCADE,
  CONSTRAINT `beacon_attendance_ibfk_2` FOREIGN KEY (`scanned_user_id`) REFERENCES `user` (`id`) ON DELETE CASCADE ON UPDATE CASCADE
) ENGINE=InnoDB AUTO_INCREMENT=32 DEFAULT CHARSET=latin1;

/*Data for the table `beacon_attendance` */

/* Table structure for table `attendance` */

DROP TABLE IF EXISTS `attendance`;

CREATE TABLE `attendance` (
  `id` int(10) unsigned NOT NULL AUTO_INCREMENT,
  `student_id` varchar(10) NOT NULL,
  `lesson_id` int(10) unsigned NOT NULL,
  `lecturer_id` varchar(10) NOT NULL,
  `recorded_date` date DEFAULT NULL,
  `recorded_time` time DEFAULT NULL,
  `is_absent` tinyint(1) unsigned DEFAULT NULL,
  `is_late` tinyint(1) DEFAULT NULL,
  `late_min` int(10) unsigned NOT NULL DEFAULT '0',
  `created_at` timestamp NULL DEFAULT '0000-00-00 00:00:00',
  `updated_at` timestamp NULL DEFAULT NULL ON UPDATE CURRENT_TIMESTAMP,
  PRIMARY KEY (`id`),
  UNIQUE KEY (`student_id`,`lesson_id`, `recorded_date`)
) ENGINE=InnoDB  DEFAULT CHARSET=latin1 AUTO_INCREMENT=42 ;
ALTER TABLE `attendance`
  ADD CONSTRAINT `attendance_ibfk_1` FOREIGN KEY (`student_id`) REFERENCES `student` (`id`) ON DELETE CASCADE ON UPDATE CASCADE,
  ADD CONSTRAINT `attendance_ibfk_2` FOREIGN KEY (`lesson_id`) REFERENCES `lesson` (`id`) ON UPDATE CASCADE,
  ADD CONSTRAINT `attendance_ibfk_3` FOREIGN KEY (`lecturer_id`) REFERENCES `lecturer` (`id`) ON DELETE CASCADE ON UPDATE CASCADE;

/*Data for the table `attendance` */

-- INSERT INTO `attendance` (`id`, `student_id`, `lesson_id`, `signed_in`, `signed_out`, `is_absent`, `is_late`, `late_min`, `created_at`, `updated_at`) VALUES
--   (40, 1, 1, NULL, NULL, 0, 0, 0, '2015-07-30 08:11:00', '2016-06-13 09:50:00'),
--   (41, 1, 12, NULL, NULL, 1, 0, 0, '2015-07-30 08:11:00', '2016-06-16 23:00:00'),
--   (42, 1, 1, NULL, NULL, 0, 1, 10, '2015-07-30 08:11:00', '2016-06-20 10:10:00'),
--   (43, 1, 12, NULL, NULL, 1, 0, 0, '2015-07-30 08:11:00', '2016-06-23 10:30:00');

/*!40101 SET SQL_MODE=@OLD_SQL_MODE */;
/*!40014 SET FOREIGN_KEY_CHECKS=@OLD_FOREIGN_KEY_CHECKS */;
/*!40014 SET UNIQUE_CHECKS=@OLD_UNIQUE_CHECKS */;
/*!40111 SET SQL_NOTES=@OLD_SQL_NOTES */;